sample	strain	chr_end	read_id	copy_index	n_copies	true_element	matched_element	matched_end	yp_start	yp_end	read_length	telo_side	true_len	matched_len
6991_day0	6991	chr10L	SRR33298461.57209	1	1	E-chr10L-1	E-chr7R-1	chr7R	119	6701	25597	beginning	6869	6655
6991_day0	6991	chr13L	SRR33298461.44252	1	1	E-chr13L-1	E-chr2L-1	chr2L	183	5933	16211	beginning	5483	5975
6991_day0	6991	chr14L	SRR33298461.168936	5	5	E-chr14L-5	E-chr4R-6	chr4R	12741	38320	38536	end	5485	6651
6991_day0	6991	chr6L	SRR33298461.181020	1	1	E-chr6L-1	E-chr13L-1	chr13L	218	5636	23796	beginning	5975	5483
6991_day0_TeloTag	6991	chr13L	SRR33298460.150620	1	1	E-chr13L-1	E-chr8R-1	chr8R	261	5650	15662	beginning	5482	5469
6991_day0_TeloTag	6991	chr14R	SRR33298460.274149	1	1	E-chr14R-1	E-chr14L-1	chr14L	177	6784	15968	beginning	6530	6653
6991_day0_TeloTag	6991	chr14R	SRR33298460.568401	1	1	E-chr14R-1	E-chr14L-1	chr14L	9132	15745	15899	end	6530	6653
6991_day0_TeloTag	6991	chr14R	SRR33298460.108378	1	1	E-chr14R-1	E-chr13L-1	chr13L	8436	13915	14079	end	6530	5482
6991_day0_TeloTag	6991	chr16R	SRR33298460.275124	1	1	E-chr16R-1	E-chr13L-1	chr13L	6346	11149	11285	end	5302	5482
6991_day0_TeloTag	6991	chr7R	SRR33298460.128649	1	1	E-chr7R-1	E-chr5R-1	chr5R	252	6911	20835	beginning	6655	6693
6991_day0_TeloTag_with_selection	6991	chr13L	SRR33298434.76895	1	1	E-chr13L-1	E-chr15R-1	chr15R	201	6825	17040	beginning	5483	6649
6991_day0_TeloTag_with_selection	6991	chr14L	SRR33298434.530414	1	5	E-chr14L-1	E-chr12R-1	chr12R	183	30410	45688	beginning	6654	6483
6991_day0_TeloTag_with_selection	6991	chr16L	SRR33298434.79614	1	1	E-chr16L-1	E-chr12R-1	chr12R	19124	25505	25779	end	6654	6483
6991_day0_TeloTag_with_selection	6991	chr16R	SRR33298434.378016	1	1	E-chr16R-1	E-chr14L-5	chr14L	140	5338	11671	beginning	5302	5486
6991_day0_TeloTag_with_selection	6991	chr16R	SRR33298434.64148	1	1	E-chr16R-1	E-chr14L-3	chr14L	5247	10427	10556	end	5302	5485
6991_day0_TeloTag_with_selection	6991	chr2L	SRR33298434.94939	1	1	E-chr2L-1	E-chr16L-1	chr16L	122	6710	16516	beginning	5975	6654
6991_day0_TeloTag_with_selection	6991	chr5L	SRR33298434.226995	1	1	E-chr5L-1	E-chr12R-1	chr12R	256	6563	12361	beginning	6481	6483
6991_day0_TeloTag_with_selection	6991	chr5L	SRR33298434.116145	1	1	E-chr5L-1	E-chr12R-1	chr12R	5803	12114	12344	end	6481	6483
6991_day0_TeloTag_with_selection	6991	chr7R	SRR33298434.164214	1	1	E-chr7R-1	E-chr14R-1	chr14R	258	6845	20884	beginning	6655	6530
6991_day0_TeloTag_with_selection	6991	chr8L	SRR33298434.497585	1	1	E-chr8L-1	E-chr2L-1	chr2L	235	5528	11295	beginning	5058	5975
6991_day0_TeloTag_with_selection	6991	chr8R	SRR33298434.515556	1	1	E-chr8R-1	E-chr14R-1	chr14R	35304	41823	42110	end	5469	6530
6991_day0_reference	6991	chr12L	SRR33298378.151832	1	1	E-chr12L-1	E-chr2L-1	chr2L	5614	11056	11173	end	5191	5975
6991_day0_reference	6991	chr12L	SRR33298378.55891	1	1	E-chr12L-1	E-chr16R-1	chr16R	5609	10881	10993	end	5191	5302
6991_day0_reference	6991	chr13L	SRR33298378.275479	1	1	E-chr13L-1	E-chr9L-1	chr9L	260	6969	17357	beginning	5482	6870
6991_day0_reference	6991	chr13L	SRR33298378.42439	1	1	E-chr13L-1	E-chr10L-1	chr10L	10350	17224	17358	end	5482	6869
6991_day0_reference	6991	chr13L	SRR33298378.265251	1	1	E-chr13L-1	E-chr2L-1	chr2L	10309	16312	16398	end	5482	5975
6991_day0_reference	6991	chr13L	SRR33298378.159765	1	1	E-chr13L-1	E-chr2L-1	chr2L	110	6092	16365	beginning	5482	5975
6991_day0_reference	6991	chr14R	SRR33298378.714719	1	1	E-chr14R-1	E-chr9L-1	chr9L	9234	16311	16417	end	6530	6870
6991_day0_reference	6991	chr14R	SRR33298378.9482	1	1	E-chr14R-1	E-chr9L-1	chr9L	9211	16042	16302	end	6530	6870
6991_day0_reference	6991	chr14R	SRR33298378.566178	1	1	E-chr14R-1	E-chr9L-1	chr9L	9051	15727	15886	end	6530	6870
6991_day0_reference	6991	chr14R	SRR33298378.240117	1	1	E-chr14R-1	E-chr5L-1	chr5L	9346	15905	16047	end	6530	6480
6991_day0_reference	6991	chr14R	SRR33298378.306956	1	1	E-chr14R-1	E-chr15R-1	chr15R	134	6780	15938	beginning	6530	6650
6991_day0_reference	6991	chr15R	SRR33298378.651427	1	1	E-chr15R-1	E-chr13L-1	chr13L	19204	24689	24901	end	6650	5482
6991_day0_reference	6991	chr16L	SRR33298378.290053	1	1	E-chr16L-1	E-chr10L-1	chr10L	19131	26245	26442	end	6653	6869
6991_day0_reference	6991	chr16L	SRR33298378.305547	1	1	E-chr16L-1	E-chr5L-1	chr5L	19298	25829	25943	end	6653	6480
6991_day0_reference	6991	chr16R	SRR33298378.400808	1	1	E-chr16R-1	E-chr14L-5	chr14L	6340	11519	11675	end	5302	5485
6991_day0_reference	6991	chr2L	SRR33298378.69401	1	1	E-chr2L-1	E-chr14L-5	chr14L	188	5767	15548	beginning	5975	5485
6991_day0_reference	6991	chr2L	SRR33298378.722027	1	1	E-chr2L-1	E-chr8R-1	chr8R	9784	15259	15419	end	5975	5469
6991_day0_reference	6991	chr2L	SRR33298378.427420	1	1	E-chr2L-1	E-chr8R-1	chr8R	120	5585	15364	beginning	5975	5469
6991_day0_reference	6991	chr5L	SRR33298378.334381	1	1	E-chr5L-1	E-chr5R-1	chr5R	181	6533	12325	beginning	6480	6693
6991_day0_reference	6991	chr5L	SRR33298378.381146	1	1	E-chr5L-1	E-chr12R-1	chr12R	143	6455	12273	beginning	6480	6483
6991_day0_reference	6991	chr6L	SRR33298378.151924	1	1	E-chr6L-1	E-chr14L-5	chr14L	192	5652	23838	beginning	5975	5485
6991_day0_reference	6991	chr6L	SRR33298378.95349	1	1	E-chr6L-1	E-chr13L-1	chr13L	18173	23632	23792	end	5975	5482
6991_day0_reference	6991	chr6L	SRR33298378.180346	1	1	E-chr6L-1	E-chr14L-5	chr14L	18198	23643	23774	end	5975	5485
6991_day0_reference	6991	chr6L	SRR33298378.296817	1	1	E-chr6L-1	E-chr14L-5	chr14L	105	5569	23738	beginning	5975	5485
6991_day0_reference	6991	chr8L	SRR33298378.142793	1	1	E-chr8L-1	E-chr2L-1	chr2L	142	5693	11487	beginning	5058	5975
6991_day0_reference	6991	chr8R	SRR33298378.56289	1	1	E-chr8R-1	E-chr2L-1	chr2L	35213	41202	41281	end	5469	5975
6991_day0_reference_promethion	6991	chr13L	SRR33298377.260642	1	1	E-chr13L-1	E-chr6L-1	chr6L	199	6163	16495	beginning	5483	5975
6991_day0_reference_promethion	6991	chr13L	SRR33298377.267122	1	1	E-chr13L-1	E-chr2L-1	chr2L	162	6158	16422	beginning	5483	5975
6991_day0_reference_promethion	6991	chr13L	SRR33298377.272313	1	1	E-chr13L-1	E-chr6L-1	chr6L	10312	16278	16414	end	5483	5975
6991_day0_reference_promethion	6991	chr13L	SRR33298377.125819	1	1	E-chr13L-1	E-chr2L-1	chr2L	10300	16265	16408	end	5483	5975
6991_day0_reference_promethion	6991	chr14R	SRR33298377.726683	1	1	E-chr14R-1	E-chr9L-1	chr9L	9210	15799	15917	end	6530	6870
6991_day0_reference_promethion	6991	chr14R	SRR33298377.93825	1	1	E-chr14R-1	E-chr2L-1	chr2L	6418	12382	12497	end	6530	5975
6991_day0_reference_promethion	6991	chr16R	SRR33298377.644709	1	1	E-chr16R-1	E-chr13L-1	chr13L	195	5378	11736	beginning	5302	5483
6991_day0_reference_promethion	6991	chr16R	SRR33298377.534605	1	1	E-chr16R-1	E-chr13L-1	chr13L	6351	11527	11702	end	5302	5483
6991_day0_reference_promethion	6991	chr2L	SRR33298377.541858	1	1	E-chr2L-1	E-chr8R-1	chr8R	9744	15272	15385	end	5975	5469
6991_day0_reference_promethion	6991	chr5R	SRR33298377.75463	1	1	E-chr5R-1	E-chr9L-1	chr9L	7278	14117	14277	end	6693	6870
6991_day0_reference_promethion	6991	chr8L	SRR33298377.763070	1	1	E-chr8L-1	E-chr13L-1	chr13L	229	5257	11049	beginning	5058	5483
6991_day0_reference_promethion	6991	chr8R	SRR33298377.221175	1	1	E-chr8R-1	E-chr14L-5	chr14L	35255	40707	40813	end	5469	5484
6991_day0_with_selection	6991	chr10L	SRR33298395.1154314	1	1	E-chr10L-1	E-chr16L-1	chr16L	249	6856	25652	beginning	6869	6653
6991_day0_with_selection	6991	chr10L	SRR33298395.850311	1	1	E-chr10L-1	E-chr16L-1	chr16L	236	6821	25688	beginning	6869	6653
6991_day0_with_selection	6991	chr10L	SRR33298395.1509441	1	1	E-chr10L-1	E-chr7R-1	chr7R	18883	25479	25591	end	6869	6654
6991_day0_with_selection	6991	chr10L	SRR33298395.1158890	1	1	E-chr10L-1	E-chr13L-1	chr13L	109	5536	24418	beginning	6869	5483
6991_day0_with_selection	6991	chr10L	SRR33298395.1286062	1	1	E-chr10L-1	E-chr5R-1	chr5R	16214	21037	21096	end	6869	6692
6991_day0_with_selection	6991	chr12L	SRR33298395.790631	1	1	E-chr12L-1	E-chr2L-1	chr2L	5937	11908	12000	end	5190	5975
6991_day0_with_selection	6991	chr12L	SRR33298395.198323	1	1	E-chr12L-1	E-chr8L-1	chr8L	5751	10803	11039	end	5190	5058
6991_day0_with_selection	6991	chr13L	SRR33298395.1185585	1	1	E-chr13L-1	E-chr7R-1	chr7R	175	6822	17314	beginning	5483	6654
6991_day0_with_selection	6991	chr13L	SRR33298395.1573029	1	1	E-chr13L-1	E-chr15R-1	chr15R	227	6873	15996	beginning	5483	6649
6991_day0_with_selection	6991	chr13L	SRR33298395.1020823	1	1	E-chr13L-1	E-chr16L-1	chr16L	8608	15240	15465	end	5483	6653
6991_day0_with_selection	6991	chr13L	SRR33298395.1472813	1	1	E-chr13L-1	E-chr14L-2	chr14L	10273	16899	17040	end	5483	6652
6991_day0_with_selection	6991	chr13L	SRR33298395.1438229	1	1	E-chr13L-1	E-chr2L-1	chr2L	281	6260	16520	beginning	5483	5975
6991_day0_with_selection	6991	chr13L	SRR33298395.1400154	1	1	E-chr13L-1	E-chr2L-1	chr2L	188	6175	16495	beginning	5483	5975
6991_day0_with_selection	6991	chr13L	SRR33298395.836889	1	1	E-chr13L-1	E-chr2L-1	chr2L	199	6180	16457	beginning	5483	5975
6991_day0_with_selection	6991	chr13L	SRR33298395.398286	1	1	E-chr13L-1	E-chr6L-1	chr6L	154	6126	16446	beginning	5483	5975
6991_day0_with_selection	6991	chr13L	SRR33298395.1088166	1	1	E-chr13L-1	E-chr6L-1	chr6L	10313	16272	16404	end	5483	5975
6991_day0_with_selection	6991	chr13L	SRR33298395.705953	1	1	E-chr13L-1	E-chr2L-1	chr2L	10268	16239	16400	end	5483	5975
6991_day0_with_selection	6991	chr13L	SRR33298395.1740335	1	1	E-chr13L-1	E-chr2L-1	chr2L	10308	16295	16371	end	5483	5975
6991_day0_with_selection	6991	chr13L	SRR33298395.931252	1	1	E-chr13L-1	E-chr2L-1	chr2L	10017	15993	16114	end	5483	5975
6991_day0_with_selection	6991	chr13L	SRR33298395.240085	1	1	E-chr13L-1	E-chr2L-1	chr2L	257	6006	16303	beginning	5483	5975
6991_day0_with_selection	6991	chr13L	SRR33298395.91673	1	1	E-chr13L-1	E-chr6L-1	chr6L	233	5988	15978	beginning	5483	5975
6991_day0_with_selection	6991	chr13L	SRR33298395.167741	1	1	E-chr13L-1	E-chr2L-1	chr2L	9956	15705	15906	end	5483	5975
6991_day0_with_selection	6991	chr13L	SRR33298395.30875	1	1	E-chr13L-1	E-chr8R-1	chr8R	10286	15723	15791	end	5483	5468
6991_day0_with_selection	6991	chr13L	SRR33298395.1334307	1	1	E-chr13L-1	E-chr6L-1	chr6L	147	4520	14557	beginning	5483	5975
6991_day0_with_selection	6991	chr13L	SRR33298395.634165	1	1	E-chr13L-1	E-chr5R-1	chr5R	10070	10400	11346	end	5483	6692
6991_day0_with_selection	6991	chr14L	SRR33298395.325275	1	5	E-chr14L-1	E-chr7R-1	chr7R	425	30870	46211	beginning	5720	6654
6991_day0_with_selection	6991	chr14L	SRR33298395.528253	1	5	E-chr14L-1	E-chr7R-1	chr7R	15317	45743	46193	end	5720	6654
6991_day0_with_selection	6991	chr14L	SRR33298395.1612775	1	5	E-chr14L-1	E-chr7R-1	chr7R	15328	45784	46143	end	5720	6654
6991_day0_with_selection	6991	chr14L	SRR33298395.1062822	1	5	E-chr14L-1	E-chr7R-1	chr7R	367	30829	46107	beginning	5720	6654
6991_day0_with_selection	6991	chr14L	SRR33298395.677200	1	5	E-chr14L-1	E-chr7R-1	chr7R	217	30761	46125	beginning	5720	6654
6991_day0_with_selection	6991	chr14L	SRR33298395.766619	1	5	E-chr14L-1	E-chr7R-1	chr7R	15321	45726	46077	end	5720	6654
6991_day0_with_selection	6991	chr14L	SRR33298395.1020947	1	5	E-chr14L-1	E-chr7R-1	chr7R	149	30727	46066	beginning	5720	6654
6991_day0_with_selection	6991	chr14L	SRR33298395.1837458	1	5	E-chr14L-1	E-chr7R-1	chr7R	15330	45742	46068	end	5720	6654
6991_day0_with_selection	6991	chr14L	SRR33298395.54408	1	5	E-chr14L-1	E-chr7R-1	chr7R	15393	45929	46038	end	5720	6654
6991_day0_with_selection	6991	chr14L	SRR33298395.1511669	1	5	E-chr14L-1	E-chr7R-1	chr7R	261	30719	46054	beginning	5720	6654
6991_day0_with_selection	6991	chr14L	SRR33298395.446747	1	5	E-chr14L-1	E-chr7R-1	chr7R	295	30723	46041	beginning	5720	6654
6991_day0_with_selection	6991	chr14L	SRR33298395.1594070	1	5	E-chr14L-1	E-chr7R-1	chr7R	242	30711	46032	beginning	5720	6654
6991_day0_with_selection	6991	chr14L	SRR33298395.123855	1	5	E-chr14L-1	E-chr7R-1	chr7R	276	30734	46035	beginning	5720	6654
6991_day0_with_selection	6991	chr14L	SRR33298395.1788836	1	5	E-chr14L-1	E-chr7R-1	chr7R	298	30718	45996	beginning	5720	6654
6991_day0_with_selection	6991	chr14L	SRR33298395.142127	1	5	E-chr14L-1	E-chr7R-1	chr7R	238	30681	46035	beginning	5720	6654
6991_day0_with_selection	6991	chr14L	SRR33298395.428780	1	5	E-chr14L-1	E-chr7R-1	chr7R	15388	45904	46055	end	5720	6654
6991_day0_with_selection	6991	chr14L	SRR33298395.816978	1	5	E-chr14L-1	E-chr7R-1	chr7R	248	30686	46026	beginning	5720	6654
6991_day0_with_selection	6991	chr14L	SRR33298395.1211427	1	5	E-chr14L-1	E-chr7R-1	chr7R	247	30678	46023	beginning	5720	6654
6991_day0_with_selection	6991	chr14L	SRR33298395.1167915	1	5	E-chr14L-1	E-chr7R-1	chr7R	223	30685	46020	beginning	5720	6654
6991_day0_with_selection	6991	chr14L	SRR33298395.988630	1	5	E-chr14L-1	E-chr7R-1	chr7R	243	30695	46024	beginning	5720	6654
6991_day0_with_selection	6991	chr14L	SRR33298395.1801793	1	5	E-chr14L-1	E-chr7R-1	chr7R	224	30693	46028	beginning	5720	6654
6991_day0_with_selection	6991	chr14L	SRR33298395.1029632	1	5	E-chr14L-1	E-chr7R-1	chr7R	15158	45593	45867	end	5720	6654
6991_day0_with_selection	6991	chr14L	SRR33298395.967435	1	5	E-chr14L-1	E-chr7R-1	chr7R	312	30688	46017	beginning	5720	6654
6991_day0_with_selection	6991	chr14L	SRR33298395.1150272	1	5	E-chr14L-1	E-chr7R-1	chr7R	294	30680	46016	beginning	5720	6654
6991_day0_with_selection	6991	chr14L	SRR33298395.607261	1	5	E-chr14L-1	E-chr16L-1	chr16L	15339	45832	46016	end	5720	6653
6991_day0_with_selection	6991	chr14L	SRR33298395.25789	1	5	E-chr14L-1	E-chr7R-1	chr7R	187	30666	46007	beginning	5720	6654
6991_day0_with_selection	6991	chr14L	SRR33298395.880061	1	5	E-chr14L-1	E-chr7R-1	chr7R	263	30675	45999	beginning	5720	6654
6991_day0_with_selection	6991	chr14L	SRR33298395.798433	1	5	E-chr14L-1	E-chr7R-1	chr7R	15312	45747	46006	end	5720	6654
6991_day0_with_selection	6991	chr14L	SRR33298395.1759651	1	5	E-chr14L-1	E-chr7R-1	chr7R	230	30686	46014	beginning	5720	6654
6991_day0_with_selection	6991	chr14L	SRR33298395.1610248	1	5	E-chr14L-1	E-chr7R-1	chr7R	199	30678	45997	beginning	5720	6654
6991_day0_with_selection	6991	chr14L	SRR33298395.610576	1	5	E-chr14L-1	E-chr7R-1	chr7R	13025	43459	43710	end	5720	6654
6991_day0_with_selection	6991	chr14L	SRR33298395.1142253	1	5	E-chr14L-1	E-chr7R-1	chr7R	265	30694	46002	beginning	5720	6654
6991_day0_with_selection	6991	chr14L	SRR33298395.1485400	1	5	E-chr14L-1	E-chr7R-1	chr7R	240	30673	46022	beginning	5720	6654
6991_day0_with_selection	6991	chr14L	SRR33298395.1313016	1	5	E-chr14L-1	E-chr7R-1	chr7R	234	30676	45995	beginning	5720	6654
6991_day0_with_selection	6991	chr14L	SRR33298395.443198	1	5	E-chr14L-1	E-chr7R-1	chr7R	200	30676	46002	beginning	5720	6654
6991_day0_with_selection	6991	chr14L	SRR33298395.476186	1	5	E-chr14L-1	E-chr7R-1	chr7R	213	30681	45987	beginning	5720	6654
6991_day0_with_selection	6991	chr14L	SRR33298395.637265	1	5	E-chr14L-1	E-chr7R-1	chr7R	262	30671	45993	beginning	5720	6654
6991_day0_with_selection	6991	chr14L	SRR33298395.1307086	1	5	E-chr14L-1	E-chr7R-1	chr7R	15326	45758	45992	end	5720	6654
6991_day0_with_selection	6991	chr14L	SRR33298395.728075	1	5	E-chr14L-1	E-chr7R-1	chr7R	232	30671	45996	beginning	5720	6654
6991_day0_with_selection	6991	chr14L	SRR33298395.308740	1	5	E-chr14L-1	E-chr7R-1	chr7R	229	30661	45992	beginning	5720	6654
6991_day0_with_selection	6991	chr14L	SRR33298395.331331	1	5	E-chr14L-1	E-chr7R-1	chr7R	210	30659	45991	beginning	5720	6654
6991_day0_with_selection	6991	chr14L	SRR33298395.551995	1	5	E-chr14L-1	E-chr7R-1	chr7R	15421	45860	46016	end	5720	6654
6991_day0_with_selection	6991	chr14L	SRR33298395.424223	1	5	E-chr14L-1	E-chr7R-1	chr7R	125	30646	45958	beginning	5720	6654
6991_day0_with_selection	6991	chr14L	SRR33298395.1170501	1	5	E-chr14L-1	E-chr7R-1	chr7R	192	30659	45981	beginning	5720	6654
6991_day0_with_selection	6991	chr14L	SRR33298395.776355	1	5	E-chr14L-1	E-chr7R-1	chr7R	13777	44186	44432	end	5720	6654
6991_day0_with_selection	6991	chr14L	SRR33298395.1224775	1	5	E-chr14L-1	E-chr7R-1	chr7R	187	30640	45974	beginning	5720	6654
6991_day0_with_selection	6991	chr14L	SRR33298395.316210	1	5	E-chr14L-1	E-chr7R-1	chr7R	204	30663	45983	beginning	5720	6654
6991_day0_with_selection	6991	chr14L	SRR33298395.1126272	1	5	E-chr14L-1	E-chr7R-1	chr7R	243	30663	45198	beginning	5720	6654
6991_day0_with_selection	6991	chr14L	SRR33298395.855063	1	5	E-chr14L-1	E-chr7R-1	chr7R	184	30661	45982	beginning	5720	6654
6991_day0_with_selection	6991	chr14L	SRR33298395.1341080	1	5	E-chr14L-1	E-chr7R-1	chr7R	12938	43380	43590	end	5720	6654
6991_day0_with_selection	6991	chr14L	SRR33298395.1234752	1	5	E-chr14L-1	E-chr7R-1	chr7R	204	30641	45977	beginning	5720	6654
6991_day0_with_selection	6991	chr14L	SRR33298395.491324	1	5	E-chr14L-1	E-chr7R-1	chr7R	201	30640	45971	beginning	5720	6654
6991_day0_with_selection	6991	chr14L	SRR33298395.1748780	1	5	E-chr14L-1	E-chr7R-1	chr7R	265	30658	45763	beginning	5720	6654
6991_day0_with_selection	6991	chr14L	SRR33298395.1651301	1	5	E-chr14L-1	E-chr7R-1	chr7R	186	30637	45968	beginning	5720	6654
6991_day0_with_selection	6991	chr14L	SRR33298395.1734548	1	5	E-chr14L-1	E-chr7R-1	chr7R	181	30631	45974	beginning	5720	6654
6991_day0_with_selection	6991	chr14L	SRR33298395.302182	1	5	E-chr14L-1	E-chr7R-1	chr7R	184	30675	45958	beginning	5720	6654
6991_day0_with_selection	6991	chr14L	SRR33298395.787630	1	5	E-chr14L-1	E-chr7R-1	chr7R	15336	45787	45970	end	5720	6654
6991_day0_with_selection	6991	chr14L	SRR33298395.632644	1	5	E-chr14L-1	E-chr7R-1	chr7R	15304	45734	45958	end	5720	6654
6991_day0_with_selection	6991	chr14L	SRR33298395.1253500	1	5	E-chr14L-1	E-chr7R-1	chr7R	203	30633	45970	beginning	5720	6654
6991_day0_with_selection	6991	chr14L	SRR33298395.1666601	1	5	E-chr14L-1	E-chr7R-1	chr7R	205	30636	45966	beginning	5720	6654
6991_day0_with_selection	6991	chr14L	SRR33298395.96483	1	5	E-chr14L-1	E-chr7R-1	chr7R	15319	45748	45964	end	5720	6654
6991_day0_with_selection	6991	chr14L	SRR33298395.1769709	1	5	E-chr14L-1	E-chr7R-1	chr7R	219	30664	45970	beginning	5720	6654
6991_day0_with_selection	6991	chr14L	SRR33298395.1160969	1	5	E-chr14L-1	E-chr7R-1	chr7R	223	30631	45950	beginning	5720	6654
6991_day0_with_selection	6991	chr14L	SRR33298395.1767319	1	5	E-chr14L-1	E-chr7R-1	chr7R	185	30640	45964	beginning	5720	6654
6991_day0_with_selection	6991	chr14L	SRR33298395.1411367	1	5	E-chr14L-1	E-chr7R-1	chr7R	152	30644	45966	beginning	5720	6654
6991_day0_with_selection	6991	chr14L	SRR33298395.1506260	1	5	E-chr14L-1	E-chr7R-1	chr7R	184	30640	45974	beginning	5720	6654
6991_day0_with_selection	6991	chr14L	SRR33298395.1320286	1	5	E-chr14L-1	E-chr7R-1	chr7R	201	30618	45944	beginning	5720	6654
6991_day0_with_selection	6991	chr14L	SRR33298395.607367	1	5	E-chr14L-1	E-chr7R-1	chr7R	15118	45522	45764	end	5720	6654
6991_day0_with_selection	6991	chr14L	SRR33298395.1748312	1	5	E-chr14L-1	E-chr7R-1	chr7R	149	30695	45983	beginning	5720	6654
6991_day0_with_selection	6991	chr14L	SRR33298395.1406507	1	5	E-chr14L-1	E-chr7R-1	chr7R	15329	45822	45969	end	5720	6654
6991_day0_with_selection	6991	chr14L	SRR33298395.920021	1	5	E-chr14L-1	E-chr7R-1	chr7R	217	30644	45944	beginning	5720	6654
6991_day0_with_selection	6991	chr14L	SRR33298395.672131	1	5	E-chr14L-1	E-chr7R-1	chr7R	15315	45763	45958	end	5720	6654
6991_day0_with_selection	6991	chr14L	SRR33298395.1437730	1	5	E-chr14L-1	E-chr7R-1	chr7R	204	30649	45954	beginning	5720	6654
6991_day0_with_selection	6991	chr14L	SRR33298395.1658920	1	5	E-chr14L-1	E-chr7R-1	chr7R	147	30624	45953	beginning	5720	6654
6991_day0_with_selection	6991	chr14L	SRR33298395.495125	1	5	E-chr14L-1	E-chr7R-1	chr7R	209	30640	45965	beginning	5720	6654
6991_day0_with_selection	6991	chr14L	SRR33298395.1537026	1	5	E-chr14L-1	E-chr7R-1	chr7R	166	30629	45964	beginning	5720	6654
6991_day0_with_selection	6991	chr14L	SRR33298395.1797464	1	5	E-chr14L-1	E-chr7R-1	chr7R	15323	45753	45957	end	5720	6654
6991_day0_with_selection	6991	chr14L	SRR33298395.1747448	1	5	E-chr14L-1	E-chr7R-1	chr7R	15333	45767	45962	end	5720	6654
6991_day0_with_selection	6991	chr14L	SRR33298395.655647	1	5	E-chr14L-1	E-chr7R-1	chr7R	15332	45754	45959	end	5720	6654
6991_day0_with_selection	6991	chr14L	SRR33298395.957933	1	5	E-chr14L-1	E-chr7R-1	chr7R	204	30628	45953	beginning	5720	6654
6991_day0_with_selection	6991	chr14L	SRR33298395.142464	1	5	E-chr14L-1	E-chr7R-1	chr7R	207	30662	43955	beginning	5720	6654
6991_day0_with_selection	6991	chr14L	SRR33298395.651359	1	5	E-chr14L-1	E-chr7R-1	chr7R	183	30636	45953	beginning	5720	6654
6991_day0_with_selection	6991	chr14L	SRR33298395.800183	1	5	E-chr14L-1	E-chr7R-1	chr7R	169	30622	44251	beginning	5720	6654
6991_day0_with_selection	6991	chr14L	SRR33298395.1664400	1	5	E-chr14L-1	E-chr7R-1	chr7R	246	30633	45959	beginning	5720	6654
6991_day0_with_selection	6991	chr14L	SRR33298395.302232	1	5	E-chr14L-1	E-chr7R-1	chr7R	189	30618	45942	beginning	5720	6654
6991_day0_with_selection	6991	chr14L	SRR33298395.1328439	1	5	E-chr14L-1	E-chr7R-1	chr7R	173	30644	45944	beginning	5720	6654
6991_day0_with_selection	6991	chr14L	SRR33298395.394125	1	5	E-chr14L-1	E-chr7R-1	chr7R	173	30629	45954	beginning	5720	6654
6991_day0_with_selection	6991	chr14L	SRR33298395.199971	1	5	E-chr14L-1	E-chr7R-1	chr7R	14488	44904	45082	end	5720	6654
6991_day0_with_selection	6991	chr14L	SRR33298395.245128	1	5	E-chr14L-1	E-chr7R-1	chr7R	13484	43947	44134	end	5720	6654
6991_day0_with_selection	6991	chr14L	SRR33298395.1082645	1	5	E-chr14L-1	E-chr7R-1	chr7R	15355	45789	45979	end	5720	6654
6991_day0_with_selection	6991	chr14L	SRR33298395.1000358	1	5	E-chr14L-1	E-chr7R-1	chr7R	222	30628	45941	beginning	5720	6654
6991_day0_with_selection	6991	chr14L	SRR33298395.1411373	1	5	E-chr14L-1	E-chr7R-1	chr7R	15338	45763	45961	end	5720	6654
6991_day0_with_selection	6991	chr14L	SRR33298395.1835348	1	5	E-chr14L-1	E-chr7R-1	chr7R	15328	45709	45951	end	5720	6654
6991_day0_with_selection	6991	chr14L	SRR33298395.261747	1	5	E-chr14L-1	E-chr7R-1	chr7R	169	30617	45954	beginning	5720	6654
6991_day0_with_selection	6991	chr14L	SRR33298395.975868	1	5	E-chr14L-1	E-chr7R-1	chr7R	208	30630	45958	beginning	5720	6654
6991_day0_with_selection	6991	chr14L	SRR33298395.1158786	1	5	E-chr14L-1	E-chr7R-1	chr7R	15305	45729	45938	end	5720	6654
6991_day0_with_selection	6991	chr14L	SRR33298395.1680078	1	5	E-chr14L-1	E-chr7R-1	chr7R	14416	44837	45017	end	5720	6654
6991_day0_with_selection	6991	chr14L	SRR33298395.316121	1	5	E-chr14L-1	E-chr7R-1	chr7R	185	30625	45954	beginning	5720	6654
6991_day0_with_selection	6991	chr14L	SRR33298395.48813	1	5	E-chr14L-1	E-chr7R-1	chr7R	153	30623	45956	beginning	5720	6654
6991_day0_with_selection	6991	chr14L	SRR33298395.118833	1	5	E-chr14L-1	E-chr7R-1	chr7R	198	30638	45948	beginning	5720	6654
6991_day0_with_selection	6991	chr14L	SRR33298395.1474819	1	5	E-chr14L-1	E-chr7R-1	chr7R	210	30631	45947	beginning	5720	6654
6991_day0_with_selection	6991	chr14L	SRR33298395.1595650	1	5	E-chr14L-1	E-chr7R-1	chr7R	177	30626	45943	beginning	5720	6654
6991_day0_with_selection	6991	chr14L	SRR33298395.251326	1	5	E-chr14L-1	E-chr7R-1	chr7R	163	30589	45338	beginning	5720	6654
6991_day0_with_selection	6991	chr14L	SRR33298395.1352573	1	5	E-chr14L-1	E-chr7R-1	chr7R	218	30636	45940	beginning	5720	6654
6991_day0_with_selection	6991	chr14L	SRR33298395.1112954	1	5	E-chr14L-1	E-chr7R-1	chr7R	173	30628	45946	beginning	5720	6654
6991_day0_with_selection	6991	chr14L	SRR33298395.68112	1	5	E-chr14L-1	E-chr7R-1	chr7R	175	30607	45952	beginning	5720	6654
6991_day0_with_selection	6991	chr14L	SRR33298395.610353	1	5	E-chr14L-1	E-chr7R-1	chr7R	192	30622	43950	beginning	5720	6654
6991_day0_with_selection	6991	chr14L	SRR33298395.164880	1	5	E-chr14L-1	E-chr7R-1	chr7R	196	30604	45939	beginning	5720	6654
6991_day0_with_selection	6991	chr14L	SRR33298395.1808529	1	5	E-chr14L-1	E-chr7R-1	chr7R	222	30625	45935	beginning	5720	6654
6991_day0_with_selection	6991	chr14L	SRR33298395.98478	1	5	E-chr14L-1	E-chr7R-1	chr7R	206	30605	45944	beginning	5720	6654
6991_day0_with_selection	6991	chr14L	SRR33298395.814052	1	5	E-chr14L-1	E-chr7R-1	chr7R	175	30647	45928	beginning	5720	6654
6991_day0_with_selection	6991	chr14L	SRR33298395.1352494	1	5	E-chr14L-1	E-chr7R-1	chr7R	188	30619	45936	beginning	5720	6654
6991_day0_with_selection	6991	chr14L	SRR33298395.820222	1	5	E-chr14L-1	E-chr7R-1	chr7R	15334	45736	45944	end	5720	6654
6991_day0_with_selection	6991	chr14L	SRR33298395.200567	1	5	E-chr14L-1	E-chr7R-1	chr7R	15336	45763	45942	end	5720	6654
6991_day0_with_selection	6991	chr14L	SRR33298395.668719	1	5	E-chr14L-1	E-chr7R-1	chr7R	207	30610	45945	beginning	5720	6654
6991_day0_with_selection	6991	chr14L	SRR33298395.1069798	1	5	E-chr14L-1	E-chr7R-1	chr7R	15363	45727	45943	end	5720	6654
6991_day0_with_selection	6991	chr14L	SRR33298395.7053	1	5	E-chr14L-1	E-chr7R-1	chr7R	174	30603	45950	beginning	5720	6654
6991_day0_with_selection	6991	chr14L	SRR33298395.358902	1	5	E-chr14L-1	E-chr7R-1	chr7R	231	30666	45932	beginning	5720	6654
6991_day0_with_selection	6991	chr14L	SRR33298395.287202	1	5	E-chr14L-1	E-chr7R-1	chr7R	204	30619	45941	beginning	5720	6654
6991_day0_with_selection	6991	chr14L	SRR33298395.1714684	1	5	E-chr14L-1	E-chr7R-1	chr7R	158	30603	45922	beginning	5720	6654
6991_day0_with_selection	6991	chr14L	SRR33298395.1581631	1	5	E-chr14L-1	E-chr7R-1	chr7R	15331	45772	45932	end	5720	6654
6991_day0_with_selection	6991	chr14L	SRR33298395.159025	1	5	E-chr14L-1	E-chr7R-1	chr7R	14875	45233	45492	end	5720	6654
6991_day0_with_selection	6991	chr14L	SRR33298395.465043	1	5	E-chr14L-1	E-chr7R-1	chr7R	169	30596	45928	beginning	5720	6654
6991_day0_with_selection	6991	chr14L	SRR33298395.1159002	1	5	E-chr14L-1	E-chr7R-1	chr7R	145	30603	45934	beginning	5720	6654
6991_day0_with_selection	6991	chr14L	SRR33298395.278135	1	5	E-chr14L-1	E-chr7R-1	chr7R	213	30602	45934	beginning	5720	6654
6991_day0_with_selection	6991	chr14L	SRR33298395.380551	1	5	E-chr14L-1	E-chr7R-1	chr7R	15313	45745	45927	end	5720	6654
6991_day0_with_selection	6991	chr14L	SRR33298395.1252712	1	5	E-chr14L-1	E-chr7R-1	chr7R	149	30576	45959	beginning	5720	6654
6991_day0_with_selection	6991	chr14L	SRR33298395.746766	1	5	E-chr14L-1	E-chr7R-1	chr7R	15324	45705	45932	end	5720	6654
6991_day0_with_selection	6991	chr14L	SRR33298395.1112420	1	5	E-chr14L-1	E-chr7R-1	chr7R	178	30622	45923	beginning	5720	6654
6991_day0_with_selection	6991	chr14L	SRR33298395.1428727	1	5	E-chr14L-1	E-chr7R-1	chr7R	263	30626	45928	beginning	5720	6654
6991_day0_with_selection	6991	chr14L	SRR33298395.1180940	1	5	E-chr14L-1	E-chr7R-1	chr7R	172	30590	45848	beginning	5720	6654
6991_day0_with_selection	6991	chr14L	SRR33298395.683264	1	5	E-chr14L-1	E-chr7R-1	chr7R	192	30610	45925	beginning	5720	6654
6991_day0_with_selection	6991	chr14L	SRR33298395.872612	1	5	E-chr14L-1	E-chr7R-1	chr7R	178	30611	43571	beginning	5720	6654
6991_day0_with_selection	6991	chr14L	SRR33298395.1464148	1	5	E-chr14L-1	E-chr7R-1	chr7R	181	30614	45920	beginning	5720	6654
6991_day0_with_selection	6991	chr14L	SRR33298395.892421	1	5	E-chr14L-1	E-chr7R-1	chr7R	15333	45770	45928	end	5720	6654
6991_day0_with_selection	6991	chr14L	SRR33298395.599420	1	5	E-chr14L-1	E-chr7R-1	chr7R	15333	45743	45929	end	5720	6654
6991_day0_with_selection	6991	chr14L	SRR33298395.302464	1	5	E-chr14L-1	E-chr7R-1	chr7R	189	30627	45924	beginning	5720	6654
6991_day0_with_selection	6991	chr14L	SRR33298395.736721	1	5	E-chr14L-1	E-chr7R-1	chr7R	232	30621	43533	beginning	5720	6654
6991_day0_with_selection	6991	chr14L	SRR33298395.1559042	1	5	E-chr14L-1	E-chr7R-1	chr7R	205	30624	45929	beginning	5720	6654
6991_day0_with_selection	6991	chr14L	SRR33298395.281002	1	5	E-chr14L-1	E-chr7R-1	chr7R	14818	45254	45407	end	5720	6654
6991_day0_with_selection	6991	chr14L	SRR33298395.1644031	1	5	E-chr14L-1	E-chr7R-1	chr7R	15326	45690	45928	end	5720	6654
6991_day0_with_selection	6991	chr14L	SRR33298395.388440	1	5	E-chr14L-1	E-chr7R-1	chr7R	15323	45692	45924	end	5720	6654
6991_day0_with_selection	6991	chr14L	SRR33298395.399037	1	5	E-chr14L-1	E-chr7R-1	chr7R	15314	45767	45930	end	5720	6654
6991_day0_with_selection	6991	chr14L	SRR33298395.1379808	1	5	E-chr14L-1	E-chr7R-1	chr7R	15318	45732	45928	end	5720	6654
6991_day0_with_selection	6991	chr14L	SRR33298395.1297934	1	5	E-chr14L-1	E-chr7R-1	chr7R	15335	45721	45917	end	5720	6654
6991_day0_with_selection	6991	chr14L	SRR33298395.1845659	1	5	E-chr14L-1	E-chr7R-1	chr7R	148	30607	45915	beginning	5720	6654
6991_day0_with_selection	6991	chr14L	SRR33298395.172780	1	5	E-chr14L-1	E-chr7R-1	chr7R	15307	45738	45925	end	5720	6654
6991_day0_with_selection	6991	chr14L	SRR33298395.1581459	1	5	E-chr14L-1	E-chr7R-1	chr7R	146	30582	45929	beginning	5720	6654
6991_day0_with_selection	6991	chr14L	SRR33298395.198280	1	5	E-chr14L-1	E-chr7R-1	chr7R	15322	45749	45914	end	5720	6654
6991_day0_with_selection	6991	chr14L	SRR33298395.1038524	1	5	E-chr14L-1	E-chr7R-1	chr7R	164	30599	45897	beginning	5720	6654
6991_day0_with_selection	6991	chr14L	SRR33298395.458193	1	5	E-chr14L-1	E-chr7R-1	chr7R	229	30601	45919	beginning	5720	6654
6991_day0_with_selection	6991	chr14L	SRR33298395.797200	1	5	E-chr14L-1	E-chr7R-1	chr7R	192	30631	45916	beginning	5720	6654
6991_day0_with_selection	6991	chr14L	SRR33298395.211670	1	5	E-chr14L-1	E-chr7R-1	chr7R	165	30594	45910	beginning	5720	6654
6991_day0_with_selection	6991	chr14L	SRR33298395.1163660	1	5	E-chr14L-1	E-chr7R-1	chr7R	189	30610	45911	beginning	5720	6654
6991_day0_with_selection	6991	chr14L	SRR33298395.1096070	1	5	E-chr14L-1	E-chr7R-1	chr7R	160	30592	45917	beginning	5720	6654
6991_day0_with_selection	6991	chr14L	SRR33298395.631218	1	5	E-chr14L-1	E-chr7R-1	chr7R	182	30588	45928	beginning	5720	6654
6991_day0_with_selection	6991	chr14L	SRR33298395.605133	1	5	E-chr14L-1	E-chr7R-1	chr7R	162	30622	45920	beginning	5720	6654
6991_day0_with_selection	6991	chr14L	SRR33298395.1708465	1	5	E-chr14L-1	E-chr7R-1	chr7R	189	30589	45920	beginning	5720	6654
6991_day0_with_selection	6991	chr14L	SRR33298395.1069575	1	5	E-chr14L-1	E-chr7R-1	chr7R	152	30596	45917	beginning	5720	6654
6991_day0_with_selection	6991	chr14L	SRR33298395.562725	1	5	E-chr14L-1	E-chr7R-1	chr7R	15318	45740	45900	end	5720	6654
6991_day0_with_selection	6991	chr14L	SRR33298395.907250	1	5	E-chr14L-1	E-chr7R-1	chr7R	171	30590	45899	beginning	5720	6654
6991_day0_with_selection	6991	chr14L	SRR33298395.245283	1	5	E-chr14L-1	E-chr16L-1	chr16L	15321	45726	45908	end	5720	6653
6991_day0_with_selection	6991	chr14L	SRR33298395.1005653	1	5	E-chr14L-1	E-chr7R-1	chr7R	122	30585	43537	beginning	5720	6654
6991_day0_with_selection	6991	chr14L	SRR33298395.545956	1	5	E-chr14L-1	E-chr7R-1	chr7R	15330	45758	45913	end	5720	6654
6991_day0_with_selection	6991	chr14L	SRR33298395.1059321	1	5	E-chr14L-1	E-chr7R-1	chr7R	153	30580	45906	beginning	5720	6654
6991_day0_with_selection	6991	chr14L	SRR33298395.845055	1	5	E-chr14L-1	E-chr7R-1	chr7R	164	30605	45888	beginning	5720	6654
6991_day0_with_selection	6991	chr14L	SRR33298395.325156	1	5	E-chr14L-1	E-chr7R-1	chr7R	144	30575	45911	beginning	5720	6654
6991_day0_with_selection	6991	chr14L	SRR33298395.1048730	1	5	E-chr14L-1	E-chr7R-1	chr7R	151	30590	45885	beginning	5720	6654
6991_day0_with_selection	6991	chr14L	SRR33298395.1700922	1	5	E-chr14L-1	E-chr7R-1	chr7R	15340	45762	45911	end	5720	6654
6991_day0_with_selection	6991	chr14L	SRR33298395.1270719	1	5	E-chr14L-1	E-chr7R-1	chr7R	142	30587	45892	beginning	5720	6654
6991_day0_with_selection	6991	chr14L	SRR33298395.1540771	1	5	E-chr14L-1	E-chr7R-1	chr7R	208	30581	45910	beginning	5720	6654
6991_day0_with_selection	6991	chr14L	SRR33298395.1484869	1	5	E-chr14L-1	E-chr7R-1	chr7R	15324	45760	45909	end	5720	6654
6991_day0_with_selection	6991	chr14L	SRR33298395.1083591	1	5	E-chr14L-1	E-chr7R-1	chr7R	15345	45778	45908	end	5720	6654
6991_day0_with_selection	6991	chr14L	SRR33298395.336083	1	5	E-chr14L-1	E-chr7R-1	chr7R	163	30584	45902	beginning	5720	6654
6991_day0_with_selection	6991	chr14L	SRR33298395.690824	1	5	E-chr14L-1	E-chr7R-1	chr7R	159	30588	45908	beginning	5720	6654
6991_day0_with_selection	6991	chr14L	SRR33298395.1139569	1	5	E-chr14L-1	E-chr7R-1	chr7R	15347	45726	45904	end	5720	6654
6991_day0_with_selection	6991	chr14L	SRR33298395.373974	1	5	E-chr14L-1	E-chr7R-1	chr7R	184	30594	45880	beginning	5720	6654
6991_day0_with_selection	6991	chr14L	SRR33298395.48510	1	5	E-chr14L-1	E-chr7R-1	chr7R	15331	45738	45906	end	5720	6654
6991_day0_with_selection	6991	chr14L	SRR33298395.99775	1	5	E-chr14L-1	E-chr7R-1	chr7R	15338	45736	45898	end	5720	6654
6991_day0_with_selection	6991	chr14L	SRR33298395.30112	1	5	E-chr14L-1	E-chr7R-1	chr7R	260	30653	45926	beginning	5720	6654
6991_day0_with_selection	6991	chr14L	SRR33298395.596845	1	5	E-chr14L-1	E-chr7R-1	chr7R	159	30592	45888	beginning	5720	6654
6991_day0_with_selection	6991	chr14L	SRR33298395.1612278	1	5	E-chr14L-1	E-chr7R-1	chr7R	162	30596	45895	beginning	5720	6654
6991_day0_with_selection	6991	chr14L	SRR33298395.580974	1	5	E-chr14L-1	E-chr7R-1	chr7R	145	30560	45898	beginning	5720	6654
6991_day0_with_selection	6991	chr14L	SRR33298395.523723	1	5	E-chr14L-1	E-chr7R-1	chr7R	176	30604	45893	beginning	5720	6654
6991_day0_with_selection	6991	chr14L	SRR33298395.1567744	1	5	E-chr14L-1	E-chr7R-1	chr7R	107	30560	45884	beginning	5720	6654
6991_day0_with_selection	6991	chr14L	SRR33298395.778210	1	5	E-chr14L-1	E-chr7R-1	chr7R	156	30594	45893	beginning	5720	6654
6991_day0_with_selection	6991	chr14L	SRR33298395.632403	1	5	E-chr14L-1	E-chr7R-1	chr7R	15337	45749	45904	end	5720	6654
6991_day0_with_selection	6991	chr14L	SRR33298395.1039941	1	5	E-chr14L-1	E-chr7R-1	chr7R	119	30557	45888	beginning	5720	6654
6991_day0_with_selection	6991	chr14L	SRR33298395.905113	1	5	E-chr14L-1	E-chr7R-1	chr7R	15326	45766	45898	end	5720	6654
6991_day0_with_selection	6991	chr14L	SRR33298395.1808203	1	5	E-chr14L-1	E-chr7R-1	chr7R	193	30590	45892	beginning	5720	6654
6991_day0_with_selection	6991	chr14L	SRR33298395.417888	1	5	E-chr14L-1	E-chr7R-1	chr7R	175	30568	45887	beginning	5720	6654
6991_day0_with_selection	6991	chr14L	SRR33298395.1760648	1	5	E-chr14L-1	E-chr7R-1	chr7R	15305	45679	45879	end	5720	6654
6991_day0_with_selection	6991	chr14L	SRR33298395.474762	1	5	E-chr14L-1	E-chr7R-1	chr7R	177	30572	45888	beginning	5720	6654
6991_day0_with_selection	6991	chr14L	SRR33298395.400686	1	5	E-chr14L-1	E-chr7R-1	chr7R	172	30582	45869	beginning	5720	6654
6991_day0_with_selection	6991	chr14L	SRR33298395.1420829	1	5	E-chr14L-1	E-chr7R-1	chr7R	215	30579	45897	beginning	5720	6654
6991_day0_with_selection	6991	chr14L	SRR33298395.1415311	1	5	E-chr14L-1	E-chr7R-1	chr7R	15322	45750	45890	end	5720	6654
6991_day0_with_selection	6991	chr14L	SRR33298395.1568590	1	5	E-chr14L-1	E-chr7R-1	chr7R	131	30538	45878	beginning	5720	6654
6991_day0_with_selection	6991	chr14L	SRR33298395.39802	1	5	E-chr14L-1	E-chr7R-1	chr7R	118	30564	45869	beginning	5720	6654
6991_day0_with_selection	6991	chr14L	SRR33298395.47580	1	5	E-chr14L-1	E-chr7R-1	chr7R	132	30566	45893	beginning	5720	6654
6991_day0_with_selection	6991	chr14L	SRR33298395.523724	1	5	E-chr14L-1	E-chr7R-1	chr7R	15295	45732	45886	end	5720	6654
6991_day0_with_selection	6991	chr14L	SRR33298395.1626285	1	5	E-chr14L-1	E-chr7R-1	chr7R	176	30553	45866	beginning	5720	6654
6991_day0_with_selection	6991	chr14L	SRR33298395.1468038	1	5	E-chr14L-1	E-chr7R-1	chr7R	15331	45737	45883	end	5720	6654
6991_day0_with_selection	6991	chr14L	SRR33298395.1376502	1	5	E-chr14L-1	E-chr7R-1	chr7R	141	30557	45890	beginning	5720	6654
6991_day0_with_selection	6991	chr14L	SRR33298395.580770	1	5	E-chr14L-1	E-chr7R-1	chr7R	15313	45719	45883	end	5720	6654
6991_day0_with_selection	6991	chr14L	SRR33298395.1180675	1	5	E-chr14L-1	E-chr7R-1	chr7R	15340	45756	45893	end	5720	6654
6991_day0_with_selection	6991	chr14L	SRR33298395.1787711	1	5	E-chr14L-1	E-chr7R-1	chr7R	152	30563	45886	beginning	5720	6654
6991_day0_with_selection	6991	chr14L	SRR33298395.1413152	1	5	E-chr14L-1	E-chr7R-1	chr7R	146	30569	45904	beginning	5720	6654
6991_day0_with_selection	6991	chr14L	SRR33298395.1432802	1	5	E-chr14L-1	E-chr7R-1	chr7R	197	30577	45869	beginning	5720	6654
6991_day0_with_selection	6991	chr14L	SRR33298395.1860015	1	5	E-chr14L-1	E-chr7R-1	chr7R	143	30572	44274	beginning	5720	6654
6991_day0_with_selection	6991	chr14L	SRR33298395.872875	1	5	E-chr14L-1	E-chr7R-1	chr7R	145	30563	43924	beginning	5720	6654
6991_day0_with_selection	6991	chr14L	SRR33298395.394127	1	5	E-chr14L-1	E-chr7R-1	chr7R	15321	45718	45878	end	5720	6654
6991_day0_with_selection	6991	chr14L	SRR33298395.1643501	1	5	E-chr14L-1	E-chr7R-1	chr7R	203	30550	45870	beginning	5720	6654
6991_day0_with_selection	6991	chr14L	SRR33298395.1890733	1	5	E-chr14L-1	E-chr7R-1	chr7R	144	30540	45861	beginning	5720	6654
6991_day0_with_selection	6991	chr14L	SRR33298395.1379529	1	5	E-chr14L-1	E-chr7R-1	chr7R	200	30651	45887	beginning	5720	6654
6991_day0_with_selection	6991	chr14L	SRR33298395.132856	1	5	E-chr14L-1	E-chr7R-1	chr7R	102	30553	45884	beginning	5720	6654
6991_day0_with_selection	6991	chr14L	SRR33298395.87032	1	5	E-chr14L-1	E-chr16L-1	chr16L	164	30543	45229	beginning	5720	6653
6991_day0_with_selection	6991	chr14L	SRR33298395.798452	1	5	E-chr14L-1	E-chr7R-1	chr7R	15339	45771	45881	end	5720	6654
6991_day0_with_selection	6991	chr14L	SRR33298395.1740175	1	5	E-chr14L-1	E-chr7R-1	chr7R	15309	45719	45869	end	5720	6654
6991_day0_with_selection	6991	chr14L	SRR33298395.1294430	1	5	E-chr14L-1	E-chr7R-1	chr7R	15361	45749	45880	end	5720	6654
6991_day0_with_selection	6991	chr14L	SRR33298395.461661	1	5	E-chr14L-1	E-chr7R-1	chr7R	14640	45052	45184	end	5720	6654
6991_day0_with_selection	6991	chr14L	SRR33298395.98792	1	5	E-chr14L-1	E-chr7R-1	chr7R	15290	45726	45864	end	5720	6654
6991_day0_with_selection	6991	chr14L	SRR33298395.1518652	1	5	E-chr14L-1	E-chr7R-1	chr7R	14876	45317	45413	end	5720	6654
6991_day0_with_selection	6991	chr14L	SRR33298395.1046868	1	5	E-chr14L-1	E-chr7R-1	chr7R	15330	45727	45882	end	5720	6654
6991_day0_with_selection	6991	chr14L	SRR33298395.784939	1	5	E-chr14L-1	E-chr7R-1	chr7R	151	30560	45869	beginning	5720	6654
6991_day0_with_selection	6991	chr14L	SRR33298395.697305	1	5	E-chr14L-1	E-chr7R-1	chr7R	122	30557	44621	beginning	5720	6654
6991_day0_with_selection	6991	chr14L	SRR33298395.390655	1	5	E-chr14L-1	E-chr7R-1	chr7R	146	30540	45873	beginning	5720	6654
6991_day0_with_selection	6991	chr14L	SRR33298395.315998	1	5	E-chr14L-1	E-chr7R-1	chr7R	15333	45754	45878	end	5720	6654
6991_day0_with_selection	6991	chr14L	SRR33298395.172635	1	5	E-chr14L-1	E-chr7R-1	chr7R	134	30568	45871	beginning	5720	6654
6991_day0_with_selection	6991	chr14L	SRR33298395.696419	1	5	E-chr14L-1	E-chr7R-1	chr7R	101	30544	45875	beginning	5720	6654
6991_day0_with_selection	6991	chr14L	SRR33298395.996646	1	5	E-chr14L-1	E-chr7R-1	chr7R	15321	45729	45863	end	5720	6654
6991_day0_with_selection	6991	chr14L	SRR33298395.32627	1	5	E-chr14L-1	E-chr7R-1	chr7R	15307	45728	45859	end	5720	6654
6991_day0_with_selection	6991	chr14L	SRR33298395.308280	1	5	E-chr14L-1	E-chr7R-1	chr7R	15354	45738	45892	end	5720	6654
6991_day0_with_selection	6991	chr14L	SRR33298395.814054	1	5	E-chr14L-1	E-chr7R-1	chr7R	15313	45750	45868	end	5720	6654
6991_day0_with_selection	6991	chr14L	SRR33298395.1679138	1	5	E-chr14L-1	E-chr7R-1	chr7R	130	30553	45868	beginning	5720	6654
6991_day0_with_selection	6991	chr14L	SRR33298395.1384319	1	5	E-chr14L-1	E-chr7R-1	chr7R	13235	43651	43762	end	5720	6654
6991_day0_with_selection	6991	chr14L	SRR33298395.1492525	1	5	E-chr14L-1	E-chr7R-1	chr7R	159	30562	45166	beginning	5720	6654
6991_day0_with_selection	6991	chr14L	SRR33298395.1760358	1	5	E-chr14L-1	E-chr7R-1	chr7R	166	30562	45870	beginning	5720	6654
6991_day0_with_selection	6991	chr14L	SRR33298395.1092879	1	5	E-chr14L-1	E-chr7R-1	chr7R	15331	45758	45862	end	5720	6654
6991_day0_with_selection	6991	chr14L	SRR33298395.1649954	1	5	E-chr14L-1	E-chr7R-1	chr7R	15297	45620	45842	end	5720	6654
6991_day0_with_selection	6991	chr14L	SRR33298395.379148	1	5	E-chr14L-1	E-chr7R-1	chr7R	106	30539	45864	beginning	5720	6654
6991_day0_with_selection	6991	chr14L	SRR33298395.1360057	1	5	E-chr14L-1	E-chr7R-1	chr7R	113	30546	45860	beginning	5720	6654
6991_day0_with_selection	6991	chr14L	SRR33298395.248137	1	5	E-chr14L-1	E-chr7R-1	chr7R	145	30575	45343	beginning	5720	6654
6991_day0_with_selection	6991	chr14L	SRR33298395.1507271	1	5	E-chr14L-1	E-chr7R-1	chr7R	59	30524	45856	beginning	5720	6654
6991_day0_with_selection	6991	chr14L	SRR33298395.286745	1	5	E-chr14L-1	E-chr7R-1	chr7R	130	30539	45851	beginning	5720	6654
6991_day0_with_selection	6991	chr14L	SRR33298395.68400	1	5	E-chr14L-1	E-chr7R-1	chr7R	163	30619	45860	beginning	5720	6654
6991_day0_with_selection	6991	chr14L	SRR33298395.1306733	1	5	E-chr14L-1	E-chr7R-1	chr7R	15331	45755	45863	end	5720	6654
6991_day0_with_selection	6991	chr14L	SRR33298395.558251	1	5	E-chr14L-1	E-chr7R-1	chr7R	144	30521	45867	beginning	5720	6654
6991_day0_with_selection	6991	chr14L	SRR33298395.1745320	1	5	E-chr14L-1	E-chr7R-1	chr7R	12882	43299	43410	end	5720	6654
6991_day0_with_selection	6991	chr14L	SRR33298395.499146	1	5	E-chr14L-1	E-chr7R-1	chr7R	211	30568	45836	beginning	5720	6654
6991_day0_with_selection	6991	chr14L	SRR33298395.1562750	1	5	E-chr14L-1	E-chr7R-1	chr7R	15343	45742	45860	end	5720	6654
6991_day0_with_selection	6991	chr14L	SRR33298395.309684	1	5	E-chr14L-1	E-chr7R-1	chr7R	13780	44152	44318	end	5720	6654
6991_day0_with_selection	6991	chr14L	SRR33298395.801921	1	5	E-chr14L-1	E-chr7R-1	chr7R	15325	45726	45860	end	5720	6654
6991_day0_with_selection	6991	chr14L	SRR33298395.1395470	1	5	E-chr14L-1	E-chr7R-1	chr7R	15317	45689	45859	end	5720	6654
6991_day0_with_selection	6991	chr14L	SRR33298395.1394265	1	5	E-chr14L-1	E-chr7R-1	chr7R	13976	44363	44502	end	5720	6654
6991_day0_with_selection	6991	chr14L	SRR33298395.1869644	1	5	E-chr14L-1	E-chr7R-1	chr7R	15336	45770	45862	end	5720	6654
6991_day0_with_selection	6991	chr14L	SRR33298395.21435	1	5	E-chr14L-1	E-chr7R-1	chr7R	103	30526	45849	beginning	5720	6654
6991_day0_with_selection	6991	chr14L	SRR33298395.1801293	1	5	E-chr14L-1	E-chr7R-1	chr7R	114	30521	45850	beginning	5720	6654
6991_day0_with_selection	6991	chr14L	SRR33298395.1488353	1	5	E-chr14L-1	E-chr7R-1	chr7R	15339	45714	45858	end	5720	6654
6991_day0_with_selection	6991	chr14L	SRR33298395.76131	1	5	E-chr14L-1	E-chr7R-1	chr7R	14787	45230	45336	end	5720	6654
6991_day0_with_selection	6991	chr14L	SRR33298395.168686	1	5	E-chr14L-1	E-chr7R-1	chr7R	129	30536	45845	beginning	5720	6654
6991_day0_with_selection	6991	chr14L	SRR33298395.1504299	1	5	E-chr14L-1	E-chr7R-1	chr7R	166	30580	45821	beginning	5720	6654
6991_day0_with_selection	6991	chr14L	SRR33298395.964739	1	5	E-chr14L-1	E-chr7R-1	chr7R	143	30523	45851	beginning	5720	6654
6991_day0_with_selection	6991	chr14L	SRR33298395.1883541	1	5	E-chr14L-1	E-chr7R-1	chr7R	164	30598	45851	beginning	5720	6654
6991_day0_with_selection	6991	chr14L	SRR33298395.1864412	1	5	E-chr14L-1	E-chr7R-1	chr7R	189	30555	45843	beginning	5720	6654
6991_day0_with_selection	6991	chr14L	SRR33298395.650714	1	5	E-chr14L-1	E-chr7R-1	chr7R	13837	44258	44365	end	5720	6654
6991_day0_with_selection	6991	chr14L	SRR33298395.172371	1	5	E-chr14L-1	E-chr7R-1	chr7R	15327	45741	45843	end	5720	6654
6991_day0_with_selection	6991	chr14L	SRR33298395.947425	1	5	E-chr14L-1	E-chr7R-1	chr7R	120	30525	45837	beginning	5720	6654
6991_day0_with_selection	6991	chr14L	SRR33298395.930185	1	5	E-chr14L-1	E-chr7R-1	chr7R	15334	45715	45855	end	5720	6654
6991_day0_with_selection	6991	chr14L	SRR33298395.1273808	1	5	E-chr14L-1	E-chr7R-1	chr7R	15327	45739	45849	end	5720	6654
6991_day0_with_selection	6991	chr14L	SRR33298395.1321274	1	5	E-chr14L-1	E-chr7R-1	chr7R	89	30536	45849	beginning	5720	6654
6991_day0_with_selection	6991	chr14L	SRR33298395.1239059	1	5	E-chr14L-1	E-chr7R-1	chr7R	112	30529	45840	beginning	5720	6654
6991_day0_with_selection	6991	chr14L	SRR33298395.1356672	1	5	E-chr14L-1	E-chr7R-1	chr7R	177	30620	45778	beginning	5720	6654
6991_day0_with_selection	6991	chr14L	SRR33298395.1254154	1	5	E-chr14L-1	E-chr7R-1	chr7R	15307	45659	45845	end	5720	6654
6991_day0_with_selection	6991	chr14L	SRR33298395.461449	1	5	E-chr14L-1	E-chr7R-1	chr7R	12979	43396	43506	end	5720	6654
6991_day0_with_selection	6991	chr14L	SRR33298395.1855837	1	5	E-chr14L-1	E-chr7R-1	chr7R	15331	45713	45836	end	5720	6654
6991_day0_with_selection	6991	chr14L	SRR33298395.1166852	1	5	E-chr14L-1	E-chr7R-1	chr7R	15315	45712	45847	end	5720	6654
6991_day0_with_selection	6991	chr14L	SRR33298395.1708313	1	5	E-chr14L-1	E-chr7R-1	chr7R	15335	45741	45835	end	5720	6654
6991_day0_with_selection	6991	chr14L	SRR33298395.1657843	1	5	E-chr14L-1	E-chr7R-1	chr7R	15307	45705	45831	end	5720	6654
6991_day0_with_selection	6991	chr14L	SRR33298395.854309	1	5	E-chr14L-1	E-chr7R-1	chr7R	15351	45746	45842	end	5720	6654
6991_day0_with_selection	6991	chr14L	SRR33298395.1495423	1	5	E-chr14L-1	E-chr7R-1	chr7R	15305	45714	45841	end	5720	6654
6991_day0_with_selection	6991	chr14L	SRR33298395.1625551	1	5	E-chr14L-1	E-chr7R-1	chr7R	15307	45679	45834	end	5720	6654
6991_day0_with_selection	6991	chr14L	SRR33298395.1169185	1	5	E-chr14L-1	E-chr7R-1	chr7R	15333	45741	45846	end	5720	6654
6991_day0_with_selection	6991	chr14L	SRR33298395.887841	1	5	E-chr14L-1	E-chr7R-1	chr7R	15330	45719	45826	end	5720	6654
6991_day0_with_selection	6991	chr14L	SRR33298395.40292	1	5	E-chr14L-1	E-chr7R-1	chr7R	88	30523	45827	beginning	5720	6654
6991_day0_with_selection	6991	chr14L	SRR33298395.1043530	1	5	E-chr14L-1	E-chr7R-1	chr7R	15319	45734	45834	end	5720	6654
6991_day0_with_selection	6991	chr14L	SRR33298395.543619	1	5	E-chr14L-1	E-chr7R-1	chr7R	105	30516	45684	beginning	5720	6654
6991_day0_with_selection	6991	chr14L	SRR33298395.967434	1	5	E-chr14L-1	E-chr7R-1	chr7R	15331	45771	45831	end	5720	6654
6991_day0_with_selection	6991	chr14L	SRR33298395.1094098	1	5	E-chr14L-1	E-chr7R-1	chr7R	15311	45706	45835	end	5720	6654
6991_day0_with_selection	6991	chr14L	SRR33298395.593564	1	5	E-chr14L-1	E-chr7R-1	chr7R	15304	45714	45816	end	5720	6654
6991_day0_with_selection	6991	chr14L	SRR33298395.219677	1	5	E-chr14L-1	E-chr7R-1	chr7R	163	30515	45802	beginning	5720	6654
6991_day0_with_selection	6991	chr14L	SRR33298395.1690263	1	5	E-chr14L-1	E-chr7R-1	chr7R	15285	45712	45821	end	5720	6654
6991_day0_with_selection	6991	chr14L	SRR33298395.1520973	1	5	E-chr14L-1	E-chr7R-1	chr7R	15318	45671	45819	end	5720	6654
6991_day0_with_selection	6991	chr14L	SRR33298395.1856155	1	5	E-chr14L-1	E-chr7R-1	chr7R	138	30497	45817	beginning	5720	6654
6991_day0_with_selection	6991	chr14L	SRR33298395.417960	1	5	E-chr14L-1	E-chr7R-1	chr7R	15326	45735	45819	end	5720	6654
6991_day0_with_selection	6991	chr14L	SRR33298395.556315	1	5	E-chr14L-1	E-chr7R-1	chr7R	161	30596	45797	beginning	5720	6654
6991_day0_with_selection	6991	chr14L	SRR33298395.1223597	1	5	E-chr14L-1	E-chr7R-1	chr7R	15313	45631	45813	end	5720	6654
6991_day0_with_selection	6991	chr14L	SRR33298395.1871383	1	5	E-chr14L-1	E-chr7R-1	chr7R	15328	45716	45814	end	5720	6654
6991_day0_with_selection	6991	chr14L	SRR33298395.94638	1	5	E-chr14L-1	E-chr7R-1	chr7R	14459	44850	44992	end	5720	6654
6991_day0_with_selection	6991	chr14L	SRR33298395.1699621	1	5	E-chr14L-1	E-chr7R-1	chr7R	129	30483	45803	beginning	5720	6654
6991_day0_with_selection	6991	chr14L	SRR33298395.1457172	1	5	E-chr14L-1	E-chr7R-1	chr7R	218	30493	45811	beginning	5720	6654
6991_day0_with_selection	6991	chr14L	SRR33298395.1313275	1	5	E-chr14L-1	E-chr7R-1	chr7R	194	30504	45815	beginning	5720	6654
6991_day0_with_selection	6991	chr14L	SRR33298395.1413153	1	5	E-chr14L-1	E-chr7R-1	chr7R	14116	44531	44615	end	5720	6654
6991_day0_with_selection	6991	chr14L	SRR33298395.1171862	1	5	E-chr14L-1	E-chr7R-1	chr7R	183	30551	45802	beginning	5720	6654
6991_day0_with_selection	6991	chr14L	SRR33298395.1769377	1	5	E-chr14L-1	E-chr7R-1	chr7R	112	30521	45808	beginning	5720	6654
6991_day0_with_selection	6991	chr14L	SRR33298395.808806	1	5	E-chr14L-1	E-chr7R-1	chr7R	57	30460	45799	beginning	5720	6654
6991_day0_with_selection	6991	chr14L	SRR33298395.45787	1	5	E-chr14L-1	E-chr7R-1	chr7R	171	30472	45800	beginning	5720	6654
6991_day0_with_selection	6991	chr14L	SRR33298395.1873984	1	5	E-chr14L-1	E-chr7R-1	chr7R	15353	45713	45805	end	5720	6654
6991_day0_with_selection	6991	chr14L	SRR33298395.229393	1	5	E-chr14L-1	E-chr7R-1	chr7R	124	30480	45769	beginning	5720	6654
6991_day0_with_selection	6991	chr14L	SRR33298395.1602383	1	5	E-chr14L-1	E-chr7R-1	chr7R	230	30528	45765	beginning	5720	6654
6991_day0_with_selection	6991	chr14L	SRR33298395.614810	1	5	E-chr14L-1	E-chr7R-1	chr7R	13653	44037	44150	end	5720	6654
6991_day0_with_selection	6991	chr14L	SRR33298395.1425574	1	5	E-chr14L-1	E-chr7R-1	chr7R	15350	45615	45778	end	5720	6654
6991_day0_with_selection	6991	chr14L	SRR33298395.614839	1	5	E-chr14L-1	E-chr7R-1	chr7R	15291	45576	45747	end	5720	6654
6991_day0_with_selection	6991	chr14L	SRR33298395.725852	1	5	E-chr14L-1	E-chr7R-1	chr7R	157	30586	45778	beginning	5720	6654
6991_day0_with_selection	6991	chr14L	SRR33298395.932054	1	5	E-chr14L-1	E-chr7R-1	chr7R	15260	45598	45757	end	5720	6654
6991_day0_with_selection	6991	chr14L	SRR33298395.1680449	1	5	E-chr14L-1	E-chr7R-1	chr7R	15320	45671	45761	end	5720	6654
6991_day0_with_selection	6991	chr14L	SRR33298395.623650	1	5	E-chr14L-1	E-chr7R-1	chr7R	107	30460	45765	beginning	5720	6654
6991_day0_with_selection	6991	chr14L	SRR33298395.1895310	1	5	E-chr14L-1	E-chr7R-1	chr7R	213	30477	45718	beginning	5720	6654
6991_day0_with_selection	6991	chr14L	SRR33298395.1684331	1	5	E-chr14L-1	E-chr7R-1	chr7R	164	30602	45765	beginning	5720	6654
6991_day0_with_selection	6991	chr14L	SRR33298395.804308	1	5	E-chr14L-1	E-chr7R-1	chr7R	139	30514	45737	beginning	5720	6654
6991_day0_with_selection	6991	chr14L	SRR33298395.1415318	1	5	E-chr14L-1	E-chr7R-1	chr7R	164	30471	45736	beginning	5720	6654
6991_day0_with_selection	6991	chr14L	SRR33298395.1105386	1	5	E-chr14L-1	E-chr7R-1	chr7R	114	30471	45754	beginning	5720	6654
6991_day0_with_selection	6991	chr14L	SRR33298395.1162528	1	5	E-chr14L-1	E-chr7R-1	chr7R	15269	45671	45743	end	5720	6654
6991_day0_with_selection	6991	chr14L	SRR33298395.1616382	1	5	E-chr14L-1	E-chr7R-1	chr7R	15290	45661	45709	end	5720	6654
6991_day0_with_selection	6991	chr14L	SRR33298395.1589903	1	5	E-chr14L-1	E-chr7R-1	chr7R	129	30433	45238	beginning	5720	6654
6991_day0_with_selection	6991	chr14L	SRR33298395.1642275	1	5	E-chr14L-1	E-chr7R-1	chr7R	275	30693	45709	beginning	5720	6654
6991_day0_with_selection	6991	chr14L	SRR33298395.1227184	1	5	E-chr14L-1	E-chr7R-1	chr7R	15133	45549	45717	end	5720	6654
6991_day0_with_selection	6991	chr14L	SRR33298395.1565551	1	5	E-chr14L-1	E-chr7R-1	chr7R	14749	44988	45152	end	5720	6654
6991_day0_with_selection	6991	chr14L	SRR33298395.1332427	1	5	E-chr14L-1	E-chr7R-1	chr7R	15315	45578	45663	end	5720	6654
6991_day0_with_selection	6991	chr14L	SRR33298395.1891822	1	5	E-chr14L-1	E-chr7R-1	chr7R	15328	45590	45671	end	5720	6654
6991_day0_with_selection	6991	chr14L	SRR33298395.444584	1	5	E-chr14L-1	E-chr7R-1	chr7R	167	30599	45672	beginning	5720	6654
6991_day0_with_selection	6991	chr14L	SRR33298395.768550	1	5	E-chr14L-1	E-chr7R-1	chr7R	15305	45599	45690	end	5720	6654
6991_day0_with_selection	6991	chr14L	SRR33298395.1612606	1	5	E-chr14L-1	E-chr7R-1	chr7R	138	30443	45624	beginning	5720	6654
6991_day0_with_selection	6991	chr14L	SRR33298395.1682178	1	5	E-chr14L-1	E-chr7R-1	chr7R	15327	45610	45673	end	5720	6654
6991_day0_with_selection	6991	chr14L	SRR33298395.632405	1	5	E-chr14L-1	E-chr7R-1	chr7R	233	30639	45631	beginning	5720	6654
6991_day0_with_selection	6991	chr14L	SRR33298395.15459	1	5	E-chr14L-1	E-chr7R-1	chr7R	15271	45556	45636	end	5720	6654
6991_day0_with_selection	6991	chr14L	SRR33298395.1362805	1	5	E-chr14L-1	E-chr7R-1	chr7R	15265	45464	45587	end	5720	6654
6991_day0_with_selection	6991	chr14L	SRR33298395.116162	1	5	E-chr14L-1	E-chr7R-1	chr7R	13144	43345	43407	end	5720	6654
6991_day0_with_selection	6991	chr14L	SRR33298395.1121377	1	5	E-chr14L-1	E-chr7R-1	chr7R	15207	45326	45510	end	5720	6654
6991_day0_with_selection	6991	chr14L	SRR33298395.375597	1	5	E-chr14L-1	E-chr7R-1	chr7R	194	30221	45567	beginning	5720	6654
6991_day0_with_selection	6991	chr14L	SRR33298395.398939	1	5	E-chr14L-1	E-chr7R-1	chr7R	15277	45349	45526	end	5720	6654
6991_day0_with_selection	6991	chr14L	SRR33298395.708635	1	5	E-chr14L-1	E-chr7R-1	chr7R	14726	44876	45005	end	5720	6654
6991_day0_with_selection	6991	chr14L	SRR33298395.1323710	1	5	E-chr14L-1	E-chr7R-1	chr7R	15234	45312	45448	end	5720	6654
6991_day0_with_selection	6991	chr14L	SRR33298395.283658	1	5	E-chr14L-1	E-chr7R-1	chr7R	140	30329	45350	beginning	5720	6654
6991_day0_with_selection	6991	chr14L	SRR33298395.1859418	1	5	E-chr14L-1	E-chr7R-1	chr7R	223	30287	45401	beginning	5720	6654
6991_day0_with_selection	6991	chr14L	SRR33298395.1313018	1	5	E-chr14L-1	E-chr7R-1	chr7R	171	30228	45380	beginning	5720	6654
6991_day0_with_selection	6991	chr14L	SRR33298395.1616381	1	5	E-chr14L-1	E-chr7R-1	chr7R	114	30045	45379	beginning	5720	6654
6991_day0_with_selection	6991	chr14L	SRR33298395.1409075	1	5	E-chr14L-1	E-chr7R-1	chr7R	15330	45095	45304	end	5720	6654
6991_day0_with_selection	6991	chr14L	SRR33298395.1373269	1	5	E-chr14L-1	E-chr7R-1	chr7R	150	30125	45140	beginning	5720	6654
6991_day0_with_selection	6991	chr14L	SRR33298395.444173	1	5	E-chr14L-1	E-chr7R-1	chr7R	15315	45070	45188	end	5720	6654
6991_day0_with_selection	6991	chr14L	SRR33298395.857075	1	5	E-chr14L-1	E-chr7R-1	chr7R	76	29817	45133	beginning	5720	6654
6991_day0_with_selection	6991	chr14L	SRR33298395.794534	1	5	E-chr14L-1	E-chr7R-1	chr7R	222	29998	45040	beginning	5720	6654
6991_day0_with_selection	6991	chr14L	SRR33298395.332436	1	5	E-chr14L-1	E-chr7R-1	chr7R	14728	45010	45135	end	5720	6654
6991_day0_with_selection	6991	chr14L	SRR33298395.1313228	1	5	E-chr14L-1	E-chr7R-1	chr7R	131	29719	43562	beginning	5720	6654
6991_day0_with_selection	6991	chr14L	SRR33298395.845865	1	5	E-chr14L-1	E-chr7R-1	chr7R	197	30598	44921	beginning	5720	6654
6991_day0_with_selection	6991	chr14L	SRR33298395.1460232	1	5	E-chr14L-1	E-chr7R-1	chr7R	15314	44510	44648	end	5720	6654
6991_day0_with_selection	6991	chr14L	SRR33298395.1113936	1	5	E-chr14L-1	E-chr7R-1	chr7R	12992	42700	42883	end	5720	6654
6991_day0_with_selection	6991	chr14L	SRR33298395.566981	1	5	E-chr14L-1	E-chr7R-1	chr7R	197	29245	44558	beginning	5720	6654
6991_day0_with_selection	6991	chr14L	SRR33298395.1789589	1	5	E-chr14L-1	E-chr7R-1	chr7R	204	28886	42624	beginning	5720	6654
6991_day0_with_selection	6991	chr14L	SRR33298395.943817	1	5	E-chr14L-1	E-chr7R-1	chr7R	15315	43668	43775	end	5720	6654
6991_day0_with_selection	6991	chr14L	SRR33298395.208754	1	5	E-chr14L-1	E-chr7R-1	chr7R	99	28378	43718	beginning	5720	6654
6991_day0_with_selection	6991	chr14L	SRR33298395.880332	1	5	E-chr14L-1	E-chr7R-1	chr7R	112	28084	43412	beginning	5720	6654
6991_day0_with_selection	6991	chr14L	SRR33298395.1283348	1	5	E-chr14L-1	E-chr7R-1	chr7R	150	27897	43228	beginning	5720	6654
6991_day0_with_selection	6991	chr14L	SRR33298395.1131378	1	5	E-chr14L-1	E-chr7R-1	chr7R	15336	42949	43088	end	5720	6654
6991_day0_with_selection	6991	chr14L	SRR33298395.1847772	1	5	E-chr14L-1	E-chr7R-1	chr7R	12968	40379	40495	end	5720	6654
6991_day0_with_selection	6991	chr14L	SRR33298395.1001016	1	5	E-chr14L-1	E-chr7R-1	chr7R	13279	40568	40738	end	5720	6654
6991_day0_with_selection	6991	chr14L	SRR33298395.81767	1	5	E-chr14L-1	E-chr7R-1	chr7R	15321	42588	42689	end	5720	6654
6991_day0_with_selection	6991	chr14L	SRR33298395.409764	1	5	E-chr14L-1	E-chr7R-1	chr7R	98	27515	42210	beginning	5720	6654
6991_day0_with_selection	6991	chr14L	SRR33298395.1306074	1	5	E-chr14L-1	E-chr7R-1	chr7R	15303	42335	42471	end	5720	6654
6991_day0_with_selection	6991	chr14L	SRR33298395.1219190	1	5	E-chr14L-1	E-chr7R-1	chr7R	15337	42347	42432	end	5720	6654
6991_day0_with_selection	6991	chr14L	SRR33298395.1063967	1	5	E-chr14L-1	E-chr7R-1	chr7R	88	26435	41761	beginning	5720	6654
6991_day0_with_selection	6991	chr14L	SRR33298395.627068	1	5	E-chr14L-1	E-chr7R-1	chr7R	15298	41440	41567	end	5720	6654
6991_day0_with_selection	6991	chr14L	SRR33298395.296625	1	5	E-chr14L-1	E-chr7R-1	chr7R	202	26197	41503	beginning	5720	6654
6991_day0_with_selection	6991	chr14L	SRR33298395.1375686	1	5	E-chr14L-1	E-chr7R-1	chr7R	12247	41056	41170	end	5720	6654
6991_day0_with_selection	6991	chr14L	SRR33298395.754414	1	5	E-chr14L-1	E-chr7R-1	chr7R	89	25829	39773	beginning	5720	6654
6991_day0_with_selection	6991	chr14L	SRR33298395.266079	1	5	E-chr14L-1	E-chr7R-1	chr7R	133	25526	40849	beginning	5720	6654
6991_day0_with_selection	6991	chr14L	SRR33298395.1075069	1	5	E-chr14L-1	E-chr7R-1	chr7R	130	25438	40773	beginning	5720	6654
6991_day0_with_selection	6991	chr14L	SRR33298395.240883	1	5	E-chr14L-1	E-chr7R-1	chr7R	112	25294	40615	beginning	5720	6654
6991_day0_with_selection	6991	chr14L	SRR33298395.600373	1	5	E-chr14L-1	E-chr7R-1	chr7R	15322	39986	40123	end	5720	6654
6991_day0_with_selection	6991	chr14L	SRR33298395.1237598	1	5	E-chr14L-1	E-chr7R-1	chr7R	15308	39903	40044	end	5720	6654
6991_day0_with_selection	6991	chr14L	SRR33298395.1091312	1	5	E-chr14L-1	E-chr7R-1	chr7R	286	26260	39981	beginning	5720	6654
6991_day0_with_selection	6991	chr14L	SRR33298395.1850492	1	5	E-chr14L-1	E-chr7R-1	chr7R	103	23933	39238	beginning	5720	6654
6991_day0_with_selection	6991	chr14L	SRR33298395.315854	1	5	E-chr14L-1	E-chr7R-1	chr7R	139	23897	39228	beginning	5720	6654
6991_day0_with_selection	6991	chr14L	SRR33298395.207056	1	5	E-chr14L-1	E-chr7R-1	chr7R	172	26596	38891	beginning	5720	6654
6991_day0_with_selection	6991	chr14L	SRR33298395.506996	1	5	E-chr14L-1	E-chr7R-1	chr7R	178	23875	39140	beginning	5720	6654
6991_day0_with_selection	6991	chr14L	SRR33298395.1765378	1	5	E-chr14L-1	E-chr7R-1	chr7R	159	22702	36699	beginning	5720	6654
6991_day0_with_selection	6991	chr14L	SRR33298395.675031	1	5	E-chr14L-1	E-chr7R-1	chr7R	199	23279	35714	beginning	5720	6654
6991_day0_with_selection	6991	chr14L	SRR33298395.389543	1	5	E-chr14L-1	E-chr7R-1	chr7R	155	22817	35906	beginning	5720	6654
6991_day0_with_selection	6991	chr14L	SRR33298395.444712	1	5	E-chr14L-1	E-chr7R-1	chr7R	96	23072	35390	beginning	5720	6654
6991_day0_with_selection	6991	chr14R	SRR33298395.1669606	1	1	E-chr14R-1	E-chr9L-1	chr9L	9229	16056	16252	end	6530	6870
6991_day0_with_selection	6991	chr14R	SRR33298395.88506	1	1	E-chr14R-1	E-chr9L-1	chr9L	184	7015	16071	beginning	6530	6870
6991_day0_with_selection	6991	chr14R	SRR33298395.614991	1	1	E-chr14R-1	E-chr9L-1	chr9L	110	6960	16177	beginning	6530	6870
6991_day0_with_selection	6991	chr14R	SRR33298395.768603	1	1	E-chr14R-1	E-chr9L-1	chr9L	9209	15941	16023	end	6530	6870
6991_day0_with_selection	6991	chr14R	SRR33298395.614488	1	1	E-chr14R-1	E-chr7R-1	chr7R	176	6798	15976	beginning	6530	6654
6991_day0_with_selection	6991	chr14R	SRR33298395.349274	1	1	E-chr14R-1	E-chr7R-1	chr7R	150	6791	15955	beginning	6530	6654
6991_day0_with_selection	6991	chr14R	SRR33298395.279078	1	1	E-chr14R-1	E-chr7R-1	chr7R	9149	15736	15878	end	6530	6654
6991_day0_with_selection	6991	chr14R	SRR33298395.1459324	1	1	E-chr14R-1	E-chr7R-1	chr7R	9142	15685	15809	end	6530	6654
6991_day0_with_selection	6991	chr16L	SRR33298395.632924	1	1	E-chr16L-1	E-chr10L-1	chr10L	19134	26245	26404	end	6653	6869
6991_day0_with_selection	6991	chr16L	SRR33298395.1099939	1	1	E-chr16L-1	E-chr10L-1	chr10L	19166	26037	26256	end	6653	6869
6991_day0_with_selection	6991	chr16R	SRR33298395.517366	1	1	E-chr16R-1	E-chr14L-4	chr14L	155	5355	9498	beginning	5302	5485
6991_day0_with_selection	6991	chr16R	SRR33298395.555288	1	1	E-chr16R-1	E-chr13L-1	chr13L	6336	11516	11672	end	5302	5483
6991_day0_with_selection	6991	chr2L	SRR33298395.117875	1	1	E-chr2L-1	E-chr8R-1	chr8R	182	5669	15445	beginning	5975	5468
6991_day0_with_selection	6991	chr2L	SRR33298395.202022	1	1	E-chr2L-1	E-chr8R-1	chr8R	9780	15246	15386	end	5975	5468
6991_day0_with_selection	6991	chr2L	SRR33298395.736127	1	1	E-chr2L-1	E-chr8R-1	chr8R	78	5401	15041	beginning	5975	5468
6991_day0_with_selection	6991	chr5R	SRR33298395.1657397	1	1	E-chr5R-1	E-chr10L-1	chr10L	233	7041	14339	beginning	6692	6869
6991_day0_with_selection	6991	chr5R	SRR33298395.580888	1	1	E-chr5R-1	E-chr10L-1	chr10L	7291	14111	14239	end	6692	6869
6991_day0_with_selection	6991	chr5R	SRR33298395.939873	1	1	E-chr5R-1	E-chr10L-1	chr10L	7273	14072	14216	end	6692	6869
6991_day0_with_selection	6991	chr6L	SRR33298395.319132	1	1	E-chr6L-1	E-chr14L-4	chr14L	192	5651	23829	beginning	5975	5485
6991_day0_with_selection	6991	chr6L	SRR33298395.1011445	1	1	E-chr6L-1	E-chr14L-5	chr14L	18037	23484	23627	end	5975	5484
6991_day0_with_selection	6991	chr6L	SRR33298395.807323	1	1	E-chr6L-1	E-chr14L-5	chr14L	18135	23507	23594	end	5975	5484
6991_day0_with_selection	6991	chr7R	SRR33298395.1707743	1	1	E-chr7R-1	E-chr8R-1	chr8R	147	5624	19644	beginning	6654	5468
6991_day0_with_selection	6991	chr8L	SRR33298395.1560587	1	1	E-chr8L-1	E-chr9L-1	chr9L	334	7197	15740	beginning	5058	6870
6991_day0_with_selection	6991	chr8L	SRR33298395.1208889	1	1	E-chr8L-1	E-chr2L-1	chr2L	5789	11094	11199	end	5058	5975
6991_day0_with_selection	6991	chr8R	SRR33298395.779900	1	1	E-chr8R-1	E-chr2L-1	chr2L	35271	41241	41420	end	5468	5975
6991_day0_with_selection	6991	chr8R	SRR33298395.1543959	1	1	E-chr8R-1	E-chr2L-1	chr2L	35291	41248	41366	end	5468	5975
6991_day0_with_selection_repeat	6991	chr10L	SRR33298373.491903	1	1	E-chr10L-1	E-chr16L-1	chr16L	320	6913	25283	beginning	6869	6654
6991_day0_with_selection_repeat	6991	chr10L	SRR33298373.545529	1	1	E-chr10L-1	E-chr16L-1	chr16L	18376	24958	25254	end	6869	6654
6991_day0_with_selection_repeat	6991	chr10L	SRR33298373.122658	1	1	E-chr10L-1	E-chr14L-1	chr14L	182	6809	25666	beginning	6869	6654
6991_day0_with_selection_repeat	6991	chr13L	SRR33298373.896473	1	1	E-chr13L-1	E-chr6L-1	chr6L	247	6212	16543	beginning	5483	5975
6991_day0_with_selection_repeat	6991	chr13L	SRR33298373.1068481	1	1	E-chr13L-1	E-chr6L-1	chr6L	207	6182	16491	beginning	5483	5975
6991_day0_with_selection_repeat	6991	chr13L	SRR33298373.1520960	1	1	E-chr13L-1	E-chr2L-1	chr2L	212	6183	16484	beginning	5483	5975
6991_day0_with_selection_repeat	6991	chr13L	SRR33298373.107087	1	1	E-chr13L-1	E-chr6L-1	chr6L	187	6156	16472	beginning	5483	5975
6991_day0_with_selection_repeat	6991	chr13L	SRR33298373.1079946	1	1	E-chr13L-1	E-chr6L-1	chr6L	184	6156	16480	beginning	5483	5975
6991_day0_with_selection_repeat	6991	chr13L	SRR33298373.8939	1	1	E-chr13L-1	E-chr2L-1	chr2L	10311	16282	16464	end	5483	5975
6991_day0_with_selection_repeat	6991	chr13L	SRR33298373.46529	1	1	E-chr13L-1	E-chr6L-1	chr6L	10322	16294	16459	end	5483	5975
6991_day0_with_selection_repeat	6991	chr13L	SRR33298373.797552	1	1	E-chr13L-1	E-chr6L-1	chr6L	10270	16235	16333	end	5483	5975
6991_day0_with_selection_repeat	6991	chr13L	SRR33298373.677153	1	1	E-chr13L-1	E-chr8L-1	chr8L	221	5282	15332	beginning	5483	5059
6991_day0_with_selection_repeat	6991	chr14R	SRR33298373.897522	1	1	E-chr14R-1	E-chr9L-1	chr9L	8375	15456	15646	end	6530	6870
6991_day0_with_selection_repeat	6991	chr14R	SRR33298373.1266643	1	1	E-chr14R-1	E-chr14L-1	chr14L	9169	15784	15973	end	6530	6654
6991_day0_with_selection_repeat	6991	chr14R	SRR33298373.942862	1	1	E-chr14R-1	E-chr13L-1	chr13L	163	5639	14791	beginning	6530	5483
6991_day0_with_selection_repeat	6991	chr16R	SRR33298373.72733	1	1	E-chr16R-1	E-chr14L-5	chr14L	70	5253	11600	beginning	5302	5485
6991_day0_with_selection_repeat	6991	chr2L	SRR33298373.284052	1	1	E-chr2L-1	E-chr8R-1	chr8R	162	5629	15428	beginning	5975	5469
6991_day0_with_selection_repeat	6991	chr5L	SRR33298373.260098	1	1	E-chr5L-1	E-chr10L-1	chr10L	5817	12525	12782	end	6480	6869
6991_day0_with_selection_repeat2	6991	chr10L	SRR33298384.498901	1	1	E-chr10L-1	E-chr7R-1	chr7R	17060	23654	23872	end	6869	6655
6991_day0_with_selection_repeat2	6991	chr10L	SRR33298384.151130	1	1	E-chr10L-1	E-chr7R-1	chr7R	176	6744	25566	beginning	6869	6655
6991_day0_with_selection_repeat2	6991	chr13L	SRR33298384.185796	1	1	E-chr13L-1	E-chr6L-1	chr6L	229	6171	16491	beginning	5483	5975
6991_day0_with_selection_repeat2	6991	chr13L	SRR33298384.45869	1	1	E-chr13L-1	E-chr6L-1	chr6L	203	6126	16454	beginning	5483	5975
6991_day0_with_selection_repeat2	6991	chr13L	SRR33298384.220455	1	1	E-chr13L-1	E-chr16R-1	chr16R	10599	15881	16133	end	5483	5302
6991_day0_with_selection_repeat2	6991	chr14R	SRR33298384.285744	1	1	E-chr14R-1	E-chr6L-1	chr6L	258	6235	15099	beginning	6530	5975
6991_day0_with_selection_repeat2	6991	chr15R	SRR33298384.129326	1	1	E-chr15R-1	E-chr9L-1	chr9L	19270	26130	26296	end	6650	6870
6991_day0_with_selection_repeat2	6991	chr16R	SRR33298384.538094	1	1	E-chr16R-1	E-chr13L-1	chr13L	192	5396	11736	beginning	5302	5483
6991_day0_with_selection_repeat2	6991	chr16R	SRR33298384.248800	1	1	E-chr16R-1	E-chr14L-5	chr14L	6348	11537	11615	end	5302	5485
6991_day0_with_selection_repeat2	6991	chr2L	SRR33298384.467718	1	1	E-chr2L-1	E-chr8R-1	chr8R	143	5933	15714	beginning	5975	5469
6991_day0_with_selection_repeat2	6991	chr2L	SRR33298384.313055	1	1	E-chr2L-1	E-chr8R-1	chr8R	104	5335	15138	beginning	5975	5469
7172_day0_with_selection	7172	chr16R	SRR33298432.177252	1	1	E-chr16R-1	E-chr14L-3	chr14L	256	5450	11800	beginning	5302	5485
7172_day0_with_selection	7172	chr16R	SRR33298432.315476	1	1	E-chr16R-1	E-chr14L-3	chr14L	6355	11550	11664	end	5302	5485
7172_day0_with_selection	7172	chr5R	SRR33298432.328531	1	1	E-chr5R-1	E-chr13L-1	chr13L	147	5604	12837	beginning	6693	5483
7172_day0_with_selection	7172	chr6L	SRR33298432.77931	1	1	E-chr6L-1	E-chr14L-3	chr14L	18165	23526	23662	end	5975	5485
7302_day0_with_selection	7302	chr10L	SRR33298452.573441	1	1	E-chr10L-1	E-chr14R-1	chr14R	18900	25405	25603	end	6869	6530
7302_day0_with_selection	7302	chr14R	SRR33298452.246202	1	1	E-chr14R-1	E-chr14L-1	chr14L	160	6783	14366	beginning	6530	6654
7302_day0_with_selection	7302	chr14R	SRR33298452.217955	1	1	E-chr14R-1	E-chr14L-1	chr14L	9170	15786	15939	end	6530	6654
7302_day0_with_selection	7302	chr2L	SRR33298452.59861	1	1	E-chr2L-1	E-chr8R-1	chr8R	9773	15242	15415	end	5975	5469
7302_day0_with_selection	7302	chr5R	SRR33298452.485827	1	1	E-chr5R-1	E-chr10L-1	chr10L	7293	14368	14580	end	6693	6869
7302_day0_with_selection	7302	chr5R	SRR33298452.241882	1	1	E-chr5R-1	E-chr14R-1	chr14R	7260	13762	13946	end	6693	6530
7302_day0_with_selection	7302	chr6L	SRR33298452.485661	1	1	E-chr6L-1	E-chr16L-1	chr16L	187	6820	25004	beginning	5975	6654
7302_day0_with_selection	7302	chr6L	SRR33298452.419935	1	1	E-chr6L-1	E-chr14R-1	chr14R	18163	24677	24846	end	5975	6530
7302_day0_with_selection	7302	chr6L	SRR33298452.427945	1	1	E-chr6L-1	E-chr14L-5	chr14L	143	5635	23816	beginning	5975	5485
7302_day0_with_selection	7302	chr6L	SRR33298452.400002	1	1	E-chr6L-1	E-chr14L-5	chr14L	176	5644	23810	beginning	5975	5485
7302_day0_with_selection	7302	chr6L	SRR33298452.272227	1	1	E-chr6L-1	E-chr14L-5	chr14L	18180	23635	23752	end	5975	5485
7302_day0_with_selection	7302	chr6L	SRR33298452.220014	1	1	E-chr6L-1	E-chr8R-1	chr8R	111	5589	23728	beginning	5975	5469
7302_day0_with_selection	7302	chr6L	SRR33298452.400093	1	1	E-chr6L-1	E-chr14L-5	chr14L	18076	23504	23653	end	5975	5485
7302_day0_with_selection	7302	chr8R	SRR33298452.555243	1	1	E-chr8R-1	E-chr2L-1	chr2L	151	6116	41425	beginning	5469	5975
