read_id	PD	chr_end	paper_switch	n_copies	orient_used	kept_native	ids	variants	path	blocks	n_blocks	our_switch
0056f9ba-78d3-46fe-9ca0-1e78dbbd6bcc	28	chr13L	N	10	fwd	1	ID7,ID8,ID7,ID2,ID2,ID2,ID2,ID2,ID2,ID2	ID7_Yellow,ID8_Brown,ID7_Yellow,ID2_Red-Light,ID2_Red-Light,ID2_Red-Light,ID2_Red-Light,ID2_Red-Light,ID2_Red-Light,ID2_Red-Light	self[4]:ID8_Brown > self[3]:ID7_Yellow > chr4R[3-4]:ID2_Red-Light,ID2_Red-Light,ID2_Red-Light,ID2_Red-Light,ID2_Red-Light,ID2_Red-Light,ID2_Red-Light(circ x3.5 moderate)	chr13L > chr4R	2	True
021d8c83-cd5a-47b8-83cb-d911e29adad7	33	chr2L	N	3	rev	0	ID3,ID2,ID2	ID3_Orange,ID2_Red-Light,ID2_Red-Light	chr14L[3]:ID3_Orange > chr12R|chr4R:ID2_Red-Light,ID2_Red-Light	chr14L > chr12R|chr4R	2	True
03d23b38-e99b-4e22-be8c-296d2dbced48	28	chr12R	N	8	fwd	6	ID1,ID2,ID2,ID2,ID2,ID2,ID2,ID2	ID1_Gray,ID2_Red-Light,ID2_Red-Light,ID2_Red-Light,ID2_Red-Light,ID2_Red-Light,ID2_Red-Light,ID2_Red-Light	self[2-3]:ID2_Red-Light,ID2_Red-Light	chr12R	1	False
03fc793d-98eb-485d-9509-b4a19363a998	28	chr2R	N	3	fwd	0	ID7,ID8,ID8	ID7_Yellow,ID8_Brown,ID8_Brown	chr13L[3-4]:ID7_Yellow,ID8_Brown > chr13L[4]:ID8_Brown	chr13L	1	False
04b24219-58a8-44a7-bcf6-018e7f9bd353	28	chr14L	N	7	rev	5	ID5,ID2,ID3,ID3,ID3,ID3,ID3	ID5_Blue-Light,ID2_Red-Light,ID3_Orange,ID3_Orange,ID3_Orange,ID3_Orange,ID3_Orange	self[3-4]:ID3_Orange,ID3_Orange	chr14L	1	False
061edee4-4c27-4874-8b01-5689329fd93e	33	chr3R	Y	4	fwd	0	ID6,ID2,ID3,ID3	ID6_Purple-Neutral,ID2_Red-Light,ID3_Orange,ID3_Orange	chr14R[1]:ID6_Purple-Neutral > chr14L[2-4]:ID2_Red-Light,ID3_Orange,ID3_Orange	chr14R > chr14L	2	True
09a3ee29-9388-4fd7-9281-5ab846c248a3	28	chr14R	N	4	fwd	1	ID6,ID2,ID2,ID2	ID6_Purple-Neutral,ID2_Red-Light,ID2_Red-Light,ID2_Red-Light	chr4R[5-7]:ID2_Red-Light,ID2_Red-Light,ID2_Red-Light	chr4R	1	False
0aff9a27-11d8-4844-a054-5cbf1714aae7	33	chr13L	Y	11	rev	1	ID7,ID8,ID7,ID8,ID8,ID7,ID2,ID2,ID2,ID2,ID2	ID7_Yellow,ID8_Brown,ID7_Yellow,ID8_Brown,ID8_Brown,ID7_Yellow,ID2_Red-Light,ID2_Red-Light,ID2_Red-Light,ID2_Red-Light,ID2_Red-Light	self[3-4]:ID8_Brown,ID7_Yellow,ID8_Brown(circ x1.5 moderate | alt chr13L[4] + chr13L[3-4]) > self[4]:ID8_Brown > self[3]:ID7_Yellow > self[2]:ID2_Red-Light,ID2_Red-Light,ID2_Red-Light,ID2_Red-Light,ID2_Red-Light(circ x5.0 strong)	chr13L	1	False
0b3c30c0-cc76-456c-b77f-c40d81999c46	33	chr7R	N	6	rev	1	ID5,ID2,ID2,ID2,ID2,ID2	ID5_Blue-Dark,ID2_Red-Light,ID2_Red-Light,ID2_Red-Light,ID2_Red-Light,ID2_Red-Light	chr4R[1-4]:ID2_Red-Light,ID2_Red-Light,ID2_Red-Light,ID2_Red-Light,ID2_Red-Light(circ x1.2 moderate | alt chr4R[1-3] + chr4R[1-2])	chr4R	1	False
0b7a453d-40fc-402b-8fb7-c825d544a889	33	chr15L	N	2	fwd	0	ID1,ID2	ID1_Gray,ID2_Red-Light	chr12R[1-2]:ID1_Gray,ID2_Red-Light	chr12R	1	False
0e4dedc4-e74d-4d40-b239-2cd7064fea44	33	chr8L	N	6	fwd	1	ID1,ID3,ID3,ID5,ID2,ID3	ID1_Gray,ID3_Orange,ID3_Orange,ID5_Blue-Light,ID2_Red-Light,ID3_Orange	chr14L[1-4]:ID3_Orange,ID3_Orange,ID5_Blue-Light,ID2_Red-Light,ID3_Orange(circ x1.2 moderate | alt chr14L[3-4] + chr14L[1-3])	chr14L	1	False
0e5cf3de-999c-4950-bcce-61c30955d604	33	chr10R	N	5	fwd	0	ID7,ID8,ID7,ID8,ID7	ID7_Yellow,ID8_Brown,ID7_Yellow,ID8_Brown,ID7_Yellow	chr13L[3-4]:ID7_Yellow,ID8_Brown,ID7_Yellow,ID8_Brown,ID7_Yellow(circ x2.5 strong)	chr13L	1	False
102ce463-3ef7-413e-aaa5-fbcf48a58e61	33	chr16L	N	5	fwd	1	ID5,ID2,ID2,ID2,ID2	ID5_Blue-Dark,ID2_Red-Light,ID2_Red-Light,ID2_Red-Light,ID2_Red-Light	chr4R[3-5]:ID2_Red-Light,ID2_Red-Light,ID2_Red-Light,ID2_Red-Light(circ x1.3 moderate | alt chr4R[4-5] + chr4R[1-2])	chr4R	1	False
159b20fa-4ef3-4341-b91b-8dc01f003013	28	chr14R	N	3	rev	0	ID2,ID2,ID2	ID2_Red-Light,ID2_Red-Light,ID2_Red-Light	chr4R[1-3]:ID2_Red-Light,ID2_Red-Light,ID2_Red-Light	chr4R	1	False
15d3be21-26a5-422d-9263-2dd46f487770	33	chr16R	N	3	fwd	1	ID1,ID8,ID7	ID1_Gray,ID8_Brown,ID7_Yellow	chr13L[4]:ID8_Brown > chr13L[1]:ID7_Yellow	chr13L	1	False
163c31a9-76bc-44f4-b45a-6e3d52b5e8cf	28	chr6L	N	5	rev	1	ID4,ID2,ID2,ID2,ID2	ID4_Green-Dark,ID2_Red-Light,ID2_Red-Light,ID2_Red-Light,ID2_Red-Light	chr4R[4-7]:ID2_Red-Light,ID2_Red-Light,ID2_Red-Light,ID2_Red-Light	chr4R	1	False
166a29d4-21b5-4a4a-989b-24be5c525d73	33	chr13L	N	7	fwd	1	ID7,ID8,ID7,ID8,ID7,ID8,ID7	ID7_Yellow,ID8_Brown,ID7_Yellow,ID8_Brown,ID7_Yellow,ID8_Brown,ID7_Yellow	self[3-4]:ID8_Brown,ID7_Yellow,ID8_Brown,ID7_Yellow,ID8_Brown,ID7_Yellow(circ x3.0 strong)	chr13L	1	False
16ad467a-e386-4d0f-83ae-5671e2cc4fee	33	chr13L	N	8	fwd	1	ID7,ID7,ID7,ID8,ID7,ID7,ID8,ID8	ID7_Yellow,ID7_Yellow,ID7_Yellow,ID8_Brown,ID7_Yellow,ID7_Yellow,ID8_Brown,ID8_Brown	self[1]:ID7_Yellow > self[1]:ID7_Yellow > self[4]:ID8_Brown > self[1]:ID7_Yellow > self[3-4]:ID7_Yellow,ID8_Brown > self[4]:ID8_Brown	chr13L	1	False
174ee53e-cadb-4f69-a6bf-335ed9c86ad8	33	chr7L	N	2	rev	0	ID1,ID2	ID1_Gray,ID2_Red-Light	chr12R[1-2]:ID1_Gray,ID2_Red-Light	chr12R	1	False
17625672-95dd-4870-9975-e3a252ff12bc	33	chr3R	N	4	rev	0	ID7,ID8,ID7,ID8	ID7_Yellow,ID8_Brown,ID7_Yellow,ID8_Brown	chr13L[3-4]:ID7_Yellow,ID8_Brown,ID7_Yellow,ID8_Brown(circ x2.0 moderate | alt chr13L[3-4] + chr13L[3-4])	chr13L	1	False
180826c3-19cf-4b4b-9119-bacbd9c2eebc	33	chr14L	N	7	rev	5	ID5,ID2,ID3,ID3,ID3,ID3,ID2	ID5_Blue-Light,ID2_Red-Light,ID3_Orange,ID3_Orange,ID3_Orange,ID3_Orange,ID2_Red-Light	self[3]:ID3_Orange > self[2]:ID2_Red-Light	chr14L	1	False
19358fad-3d8e-42c1-94f9-024d9f34b244	33	chr5R	N	6	rev	1	ID1,ID8,ID7,ID8,ID7,ID8	ID1_Gray,ID8_Brown,ID7_Yellow,ID8_Brown,ID7_Yellow,ID8_Brown	chr13L[3-4]:ID8_Brown,ID7_Yellow,ID8_Brown,ID7_Yellow,ID8_Brown(circ x2.5 strong)	chr13L	1	False
1a7a787b-ba2f-423a-ab43-182094eeb368	33	chr13L	N	6	rev	1	ID7,ID8,ID7,ID8,ID7,ID8	ID7_Yellow,ID8_Brown,ID7_Yellow,ID8_Brown,ID7_Yellow,ID8_Brown	self[3-4]:ID8_Brown,ID7_Yellow,ID8_Brown,ID7_Yellow,ID8_Brown(circ x2.5 strong)	chr13L	1	False
1ade0ef9-4965-46b1-b078-8d6330fb0224	28	chr8R	N	4	rev	1	ID1,ID8,ID7,ID7	ID1_Gray,ID8_Brown,ID7_Yellow,ID7_Yellow	chr13L[4]:ID8_Brown > chr13L[1]:ID7_Yellow > chr13L[1]:ID7_Yellow	chr13L	1	False
1af7cb32-493e-4deb-aabe-deabfe3a231e	33	chr12R	N	9	rev	6	ID1,ID2,ID2,ID2,ID2,ID2,ID2,ID2,ID2	ID1_Gray,ID2_Red-Light,ID2_Red-Light,ID2_Red-Light,ID2_Red-Light,ID2_Red-Light,ID2_Red-Light,ID2_Red-Light,ID2_Red-Light	chr13L?[2]:ID2_Red-Light,ID2_Red-Light,ID2_Red-Light(circ x3.0 moderate)	chr13L	1	False
1b102e6e-7032-40fd-a182-3872644d83e2	28	chr8L	N	4	rev	1	ID1,ID3,ID3,ID3	ID1_Gray,ID3_Orange,ID3_Orange,ID3_Orange	chr14L[3-5]:ID3_Orange,ID3_Orange,ID3_Orange	chr14L	1	False
1d2064f8-a75b-4459-8359-82a4d88ad263	28	chr2L	N	3	fwd	1	ID4,ID2,ID2	ID4_Green-Light,ID2_Red-Light,ID2_Red-Light	chr12R|chr13L|chr14L|chr4R:ID2_Red-Light > chr12R|chr13L|chr14L|chr4R:ID2_Red-Light	chr12R|chr13L|chr14L|chr4R	1	False
1deb3eb7-f829-4a5e-b0cc-d77d26f07247	33	chr14R	N	5	fwd	1	ID6,ID3,ID3,ID3,ID3	ID6_Purple-Neutral,ID3_Orange,ID3_Orange,ID3_Orange,ID3_Orange	chr14L[3]:ID3_Orange,ID3_Orange,ID3_Orange,ID3_Orange(circ x4.0 moderate | alt chr14L[3-5] + chr14L[3])	chr14L	1	False
20315363-0b9c-4d84-9050-d6ec9800dd97	33	chr2R	N	4	rev	0	ID7,ID8,ID7,ID8	ID7_Yellow,ID8_Brown,ID7_Yellow,ID8_Brown	chr13L[3-4]:ID7_Yellow,ID8_Brown,ID7_Yellow,ID8_Brown(circ x2.0 moderate | alt chr13L[3-4] + chr13L[3-4])	chr13L	1	False
2046e7f3-dd67-4490-8691-35f163b275fa	28	chr12R	N	8	rev	6	ID1,ID2,ID2,ID2,ID2,ID2,ID2,ID2	ID1_Gray,ID2_Red-Light,ID2_Red-Light,ID2_Red-Light,ID2_Red-Light,ID2_Red-Light,ID2_Red-Light,ID2_Red-Light	self[2-3]:ID2_Red-Light,ID2_Red-Light	chr12R	1	False
20d22bef-9127-4e7c-9981-ab8803b5ccfe	28	chr13L	Y	7	fwd	1	ID7,ID2,ID8,ID2,ID8,ID2,ID8	ID7_Yellow,ID2_Red-Dark,ID8_Brown,ID2_Red-Dark,ID8_Brown,ID2_Red-Light,ID8_Brown	chr15R[1]:ID2_Red-Dark > self[4]:ID8_Brown > chr15R[1]:ID2_Red-Dark > self[4]:ID8_Brown > chr12R|chr4R:ID2_Red-Light > self[4]:ID8_Brown	chr15R > chr13L > chr15R > chr13L > chr12R|chr4R > chr13L	6	True
229119b7-9a32-486c-bb39-22c4142c8ebd	28	chr13R	Y	2	fwd	0	ID4,ID2	ID4_Green-Light,ID2_Red-Light	chr2L[1]:ID4_Green-Light > chr12R|chr13L|chr14L|chr4R:ID2_Red-Light	chr2L > chr12R|chr13L|chr14L|chr4R	2	True
22bf86a0-91df-47a9-ab42-38e09fdbbb93	28	chr7L	N	4	fwd	0	ID7,ID8,ID7,ID8	ID7_Yellow,ID8_Brown,ID7_Yellow,ID8_Brown	chr13L[3-4]:ID7_Yellow,ID8_Brown,ID7_Yellow,ID8_Brown(circ x2.0 moderate | alt chr13L[3-4] + chr13L[3-4])	chr13L	1	False
22cafc17-419f-49f3-bf09-c98838ab00cb	33	chr12L	N	3	fwd	1	ID1,ID2,ID2	ID1_Gray,ID2_Red-Light,ID2_Red-Light	chr13L?[2]:ID2_Red-Light > chr12R|chr13L|chr14L|chr4R:ID2_Red-Light	chr13L	1	False
238d4600-d3ce-4e2b-9d29-2b6e3ba99697	28	chr6L	N	5	fwd	1	ID4,ID2,ID2,ID2,ID2	ID4_Green-Dark,ID2_Red-Light,ID2_Red-Light,ID2_Red-Light,ID2_Red-Light	chr12R[2-5]:ID2_Red-Light,ID2_Red-Light,ID2_Red-Light,ID2_Red-Light	chr12R	1	False
245d594e-f53d-45d0-94d4-96d8ecfb21e4	28	chr14R	Y	4	rev	0	ID5,ID3,ID3,ID3	ID5_Blue-Dark,ID3_Orange,ID3_Orange,ID3_Orange	chr16L|chr7R:ID5_Blue-Dark > chr14L[3-5]:ID3_Orange,ID3_Orange,ID3_Orange	chr16L|chr7R > chr14L	2	True
2575a19e-80f7-4b53-b06b-724644497c0d	28	chr7R	N	3	rev	1	ID5,ID7,ID8	ID5_Blue-Dark,ID7_Yellow,ID8_Brown	chr13L[3-4]:ID7_Yellow,ID8_Brown	chr13L	1	False
26b2e640-3106-41b9-858c-66970f5baa07	28	chr16R	N	4	rev	1	ID1,ID2,ID2,ID2	ID1_Gray,ID2_Red-Light,ID2_Red-Light,ID2_Red-Light	chr12R|chr4R:ID2_Red-Light,ID2_Red-Light,ID2_Red-Light	chr12R|chr4R	1	False
2b689fd0-909d-4969-93ea-42a1ebd2d957	28	chr16R	N	4	rev	1	ID1,ID2,ID2,ID2	ID1_Gray,ID2_Red-Light,ID2_Red-Light,ID2_Red-Light	chr12R|chr4R:ID2_Red-Light,ID2_Red-Light,ID2_Red-Light	chr12R|chr4R	1	False
2c067fcb-1b1d-45d1-a423-626837c6ae25	33	chr10R	N	4	fwd	0	ID7,ID8,ID7,ID8	ID7_Yellow,ID8_Brown,ID7_Yellow,ID8_Brown	chr13L[3-4]:ID7_Yellow,ID8_Brown,ID7_Yellow,ID8_Brown(circ x2.0 moderate | alt chr13L[3-4] + chr13L[3-4])	chr13L	1	False
2c109a4d-86d9-4c06-9944-1826fd6dfafa	28	chr6L	N	3	fwd	1	ID4,ID7,ID8	ID4_Green-Dark,ID7_Yellow,ID8_Brown	chr13L[3-4]:ID7_Yellow,ID8_Brown	chr13L	1	False
2c12d66b-ca28-4145-83f6-5545b6d2732e	33	chr5L	N	3	rev	1	ID6,ID8,ID7	ID6_Purple-Light,ID8_Brown,ID7_Yellow	chr13L[4]:ID8_Brown > chr13L[1]:ID7_Yellow	chr13L	1	False
32183604-a706-4ed1-bc5f-70dd6d1cb5a5	33	chr7R	N	4	fwd	1	ID5,ID7,ID8,ID7	ID5_Blue-Dark,ID7_Yellow,ID8_Brown,ID7_Yellow	chr13L[3-4]:ID7_Yellow,ID8_Brown,ID7_Yellow(circ x1.5 moderate | alt chr13L[3-4] + chr13L[1])	chr13L	1	False
3601a98e-2bcf-4771-85eb-df9d61f2bf9f	33	chr14R	N	3	fwd	0	ID6,ID6,ID6	ID6_Purple-Dark,ID6_Purple-Dark,ID6_Purple-Dark	chr10L|chr9L:ID6_Purple-Dark,ID6_Purple-Dark,ID6_Purple-Dark(circ x3.0)	chr10L|chr9L	1	False
36231450-6fae-4d2b-b0af-e80c197d3e0e	33	chr12L	N	3	rev	1	ID1,ID2,ID2	ID1_Gray,ID2_Red-Light,ID2_Red-Light	chr4R[1-2]:ID2_Red-Light,ID2_Red-Light	chr4R	1	False
37d6f4f6-90b3-4b6b-98dd-22e109b674e3	33	chr15R	N	5	fwd	1	ID2,ID2,ID3,ID3,ID3	ID2_Red-Dark,ID2_Red-Light,ID3_Orange,ID3_Orange,ID3_Orange	chr14L[2-5]:ID2_Red-Light,ID3_Orange,ID3_Orange,ID3_Orange	chr14L	1	False
389f72ff-7f6f-4cb5-9b80-b76c8d95b02f	28	chr14R	N	4	fwd	1	ID6,ID3,ID3,ID3	ID6_Purple-Neutral,ID3_Orange,ID3_Orange,ID3_Orange	chr14L[3-5]:ID3_Orange,ID3_Orange,ID3_Orange	chr14L	1	False
38e1e12c-ec7c-4264-89bf-c812a8111225	33	chr16R	Y	3	rev	0	ID3,ID7,ID8	ID3_Orange,ID7_Yellow,ID8_Brown	chr14L[3]:ID3_Orange > chr13L[3-4]:ID7_Yellow,ID8_Brown	chr14L > chr13L	2	True
3ea1bd4f-14ef-4650-ae99-ee16e0f45f7c	33	chr14R	N	4	fwd	1	ID6,ID8,ID8,ID8	ID6_Purple-Neutral,ID8_Brown,ID8_Brown,ID8_Brown	chr13L[4]:ID8_Brown,ID8_Brown,ID8_Brown(circ x3.0 moderate)	chr13L	1	False
40406ade-8930-4bcb-99b1-75c1d99ddfb4	28	chr2R	N	3	fwd	0	ID7,ID8,ID7	ID7_Yellow,ID8_Brown,ID7_Yellow	chr13L[3-4]:ID7_Yellow,ID8_Brown,ID7_Yellow(circ x1.5 moderate | alt chr13L[3-4] + chr13L[1])	chr13L	1	False
4081ddef-46b3-4611-ba4e-189a63fe2e23	33	chr14L	N	8	rev	2	ID5,ID2,ID5,ID5,ID2,ID5,ID5,ID2	ID5_Blue-Light,ID2_Red-Light,ID5_Blue-Light,ID5_Blue-Light,ID2_Red-Light,ID5_Blue-Light,ID5_Blue-Light,ID2_Red-Light	self[1]:ID5_Blue-Light > self[1-2]:ID5_Blue-Light,ID2_Red-Light,ID5_Blue-Light(circ x1.5 moderate | alt chr14L[1-2] + chr14L[1]) > self[1-2]:ID5_Blue-Light,ID2_Red-Light	chr14L	1	False
4235a799-53ad-4443-8492-798732d070c7	28	chr13L	N	6	rev	1	ID7,ID8,ID7,ID8,ID8,ID7	ID7_Yellow,ID8_Brown,ID7_Yellow,ID8_Brown,ID8_Brown,ID7_Yellow	self[3-4]:ID8_Brown,ID7_Yellow,ID8_Brown(circ x1.5 moderate | alt chr13L[4] + chr13L[3-4]) > self[4]:ID8_Brown > self[1]:ID7_Yellow	chr13L	1	False
441cdd41-dfea-4f50-ab44-785a59f09c5f	28	chr14L	N	11	fwd	5	ID5,ID2,ID3,ID3,ID3,ID2,ID2,ID2,ID2,ID2,ID2	ID5_Blue-Light,ID2_Red-Light,ID3_Orange,ID3_Orange,ID3_Orange,ID2_Red-Light,ID2_Red-Light,ID2_Red-Light,ID2_Red-Light,ID2_Red-Light,ID2_Red-Light	chr12R[2-5]:ID2_Red-Light,ID2_Red-Light,ID2_Red-Light,ID2_Red-Light,ID2_Red-Light,ID2_Red-Light(circ x1.5 moderate)	chr12R	1	False
44cc9e63-041d-4002-af75-5b2a5a7a1f3e	33	chr4L	N	5	fwd	0	ID7,ID8,ID7,ID8,ID7	ID7_Yellow,ID8_Brown,ID7_Yellow,ID8_Brown,ID7_Yellow	chr13L[3-4]:ID7_Yellow,ID8_Brown > chr13L[3-4]:ID7_Yellow,ID8_Brown,ID7_Yellow(circ x1.5 moderate | alt chr13L[3-4] + chr13L[1])	chr13L	1	False
44d4a8e5-afd7-41e2-b203-afba9708c1b9	33	chr16R	N	3	rev	1	ID1,ID2,ID2	ID1_Gray,ID2_Red-Light,ID2_Red-Light	chr12R|chr4R:ID2_Red-Light,ID2_Red-Light	chr12R|chr4R	1	False
456237b1-c753-4799-9806-cd8b6139ecf1	28	chr14L	N	13	rev	5	ID5,ID2,ID3,ID3,ID3,ID3,ID3,ID3,ID3,ID3,ID3,ID3,ID3	ID5_Blue-Light,ID2_Red-Light,ID3_Orange,ID3_Orange,ID3_Orange,ID3_Orange,ID3_Orange,ID3_Orange,ID3_Orange,ID3_Orange,ID3_Orange,ID3_Orange,ID3_Orange	self[3-5]:ID3_Orange,ID3_Orange,ID3_Orange,ID3_Orange,ID3_Orange,ID3_Orange,ID3_Orange,ID3_Orange(circ x2.7 strong)	chr14L	1	False
458af5fd-38ed-46b7-8f16-442656c275a8	33	chr15R	Y	4	fwd	1	ID2,ID2,ID8,ID8	ID2_Red-Dark,ID2_Red-Dark,ID8_Brown,ID8_Brown	self[1]:ID2_Red-Dark > chr13L[4]:ID8_Brown > chr13L[4]:ID8_Brown	chr15R > chr13L	2	True
48c16cfd-eaa9-4ffe-8dc2-34403657c68a	33	chr7R	N	4	rev	1	ID5,ID2,ID3,ID3	ID5_Blue-Dark,ID2_Red-Light,ID3_Orange,ID3_Orange	chr14L[2-4]:ID2_Red-Light,ID3_Orange,ID3_Orange	chr14L	1	False
49744c86-4a2e-49ef-b1a8-b03833ad93f3	33	chr2L	N	4	rev	1	ID4,ID2,ID2,ID2	ID4_Green-Light,ID2_Red-Light,ID2_Red-Light,ID2_Red-Light	chr4R[5-7]:ID2_Red-Light,ID2_Red-Light,ID2_Red-Light	chr4R	1	False
49f5b1fa-4cbe-492e-b3b3-06a9b6951f74	28	chr4R	N	12	rev	7	ID2,ID2,ID2,ID2,ID2,ID2,ID2,ID2,ID2,ID2,ID2,ID2	ID2_Red-Light,ID2_Red-Light,ID2_Red-Light,ID2_Red-Light,ID2_Red-Light,ID2_Red-Light,ID2_Red-Light,ID2_Red-Light,ID2_Red-Light,ID2_Red-Light,ID2_Red-Light,ID2_Red-Light	self[4-7]:ID2_Red-Light,ID2_Red-Light,ID2_Red-Light,ID2_Red-Light,ID2_Red-Light(circ x1.2 moderate | alt chr4R[1] + chr4R[4-7])	chr4R	1	False
4b7e04d0-8590-4b24-acb3-9846b26d0586	28	chr15R	N	4	fwd	1	ID2,ID2,ID2,ID2	ID2_Red-Dark,ID2_Red-Light,ID2_Red-Light,ID2_Red-Light	chr12R|chr4R:ID2_Red-Light,ID2_Red-Light,ID2_Red-Light	chr12R|chr4R	1	False
4bf3de54-d9df-424f-9bde-72a8a4b56b30	33	chr14L	N	12	rev	0	ID5,ID2,ID3,ID3,ID3,ID3,ID3,ID3,ID3,ID3,ID3,ID3	ID5_Blue-Dark,ID2_Red-Light,ID3_Orange,ID3_Orange,ID3_Orange,ID3_Orange,ID3_Orange,ID3_Orange,ID3_Orange,ID3_Orange,ID3_Orange,ID3_Orange	chr16L|chr7R:ID5_Blue-Dark > self[2-5]:ID2_Red-Light,ID3_Orange,ID3_Orange,ID3_Orange > self[3]:ID3_Orange,ID3_Orange,ID3_Orange,ID3_Orange,ID3_Orange,ID3_Orange,ID3_Orange(circ x7.0 strong)	chr16L|chr7R > chr14L	2	True
50aca7eb-cf02-4fda-a682-d5bfa0b5a255	33	chr14L	N	8	rev	5	ID5,ID2,ID3,ID3,ID3,ID3,ID3,ID3	ID5_Blue-Light,ID2_Red-Light,ID3_Orange,ID3_Orange,ID3_Orange,ID3_Orange,ID3_Orange,ID3_Orange	self[3-5]:ID3_Orange,ID3_Orange,ID3_Orange	chr14L	1	False
52163912-4321-4834-8803-7cf53ebb5fcc	28	chr13R	Y	2	rev	0	ID5,ID7	ID5_Blue-Dark,ID7_Yellow	chr16L|chr7R:ID5_Blue-Dark > chr13L[1]:ID7_Yellow	chr16L|chr7R > chr13L	2	True
527b0df3-d584-4356-8430-49d75a702d88	28	chr7R	Y	6	fwd	1	ID5,ID5,ID3,ID5,ID5,ID3	ID5_Blue-Dark,ID5_Blue-Dark,ID3_Orange,ID5_Blue-Dark,ID5_Blue-Dark,ID3_Orange	self[1]:ID5_Blue-Dark > chr14L[3]:ID3_Orange > self[1]:ID5_Blue-Dark > self[1]:ID5_Blue-Dark > chr14L[3]:ID3_Orange	chr7R > chr14L > chr7R > chr14L	4	True
528c9417-9044-4f09-ab29-8cf7323787fc	33	chr14R	N	3	fwd	1	ID6,ID3,ID3	ID6_Purple-Neutral,ID3_Orange,ID3_Orange	chr14L[3-4]:ID3_Orange,ID3_Orange	chr14L	1	False
53a7609a-b44b-4442-b191-8f5ab08d7c25	28	chr10R	N	4	fwd	0	ID7,ID8,ID7,ID8	ID7_Yellow,ID8_Brown,ID7_Yellow,ID8_Brown	chr13L[3-4]:ID7_Yellow,ID8_Brown,ID7_Yellow,ID8_Brown(circ x2.0 moderate | alt chr13L[3-4] + chr13L[3-4])	chr13L	1	False
54ff7e49-8e52-446c-be70-18f2727a386a	33	chr5R	N	5	fwd	1	ID1,ID8,ID8,ID8,ID8	ID1_Gray,ID8_Brown,ID8_Brown,ID8_Brown,ID8_Brown	chr13L[4]:ID8_Brown,ID8_Brown,ID8_Brown,ID8_Brown(circ x4.0 moderate)	chr13L	1	False
556cd40f-22ae-4a2c-9ffa-f0d6d705dfc4	28	chr7R	N	3	rev	1	ID5,ID2,ID2	ID5_Blue-Dark,ID2_Red-Light,ID2_Red-Light	chr4R[1-2]:ID2_Red-Light,ID2_Red-Light	chr4R	1	False
56b9ca64-183f-4051-a4f0-6a52d6b50d69	33	chr12L	N	8	rev	1	ID1,ID2,ID2,ID2,ID2,ID2,ID2,ID2	ID1_Gray,ID2_Red-Light,ID2_Red-Light,ID2_Red-Light,ID2_Red-Light,ID2_Red-Light,ID2_Red-Light,ID2_Red-Light	chr4R[3-4]:ID2_Red-Light,ID2_Red-Light,ID2_Red-Light,ID2_Red-Light,ID2_Red-Light,ID2_Red-Light,ID2_Red-Light(circ x3.5 moderate)	chr4R	1	False
58abea61-134d-4061-8d2b-b2f436df4982	33	chr8R	N	3	rev	1	ID1,ID7,ID7	ID1_Gray,ID7_Yellow,ID7_Yellow	chr13L[1]:ID7_Yellow > chr13L[1]:ID7_Yellow	chr13L	1	False
59541642-2731-40b9-9f56-8ce3c3186b6b	28	chr11L	N	3	fwd	0	ID1,ID2,ID2	ID1_Gray,ID2_Red-Light,ID2_Red-Light	chr12R[1-3]:ID1_Gray,ID2_Red-Light,ID2_Red-Light	chr12R	1	False
5b839d32-020b-4c7e-9955-a50a89af5c01	28	chr13L	Y	10	rev	1	ID7,ID8,ID7,ID2,ID8,ID7,ID2,ID8,ID7,ID2	ID7_Yellow,ID8_Brown,ID7_Yellow,ID2_Red-Light,ID8_Brown,ID7_Yellow,ID2_Red-Light,ID8_Brown,ID7_Yellow,ID2_Red-Light	self[4]:ID8_Brown > self[1-2]:ID7_Yellow,ID2_Red-Light > self[4]:ID8_Brown > self[1-2]:ID7_Yellow,ID2_Red-Light > self[4]:ID8_Brown > self[1-2]:ID7_Yellow,ID2_Red-Light	chr13L	1	False
5dc892a5-0485-409d-b54a-7e547542305a	33	chr7L	N	4	rev	0	ID2,ID2,ID2,ID2	ID2_Red-Light,ID2_Red-Light,ID2_Red-Light,ID2_Red-Light	chr12R[2-4]:ID2_Red-Light,ID2_Red-Light,ID2_Red-Light,ID2_Red-Light(circ x1.3 moderate | alt chr12R[2-4] + chr12R[2])	chr12R	1	False
6005aa22-9d6a-4928-ab71-1494cbd781a7	33	chr3R	N	4	rev	0	ID7,ID8,ID7,ID8	ID7_Yellow,ID8_Brown,ID7_Yellow,ID8_Brown	chr13L[3-4]:ID7_Yellow,ID8_Brown,ID7_Yellow(circ x1.5 moderate | alt chr13L[3-4] + chr13L[1]) > chr13L[4]:ID8_Brown	chr13L	1	False
635cfae8-9464-4e22-9fa0-79f5d081c104	28	chr15L	Y	3	fwd	0	ID6,ID3,ID3	ID6_Purple-Dark,ID3_Orange,ID3_Orange	chr10L|chr9L:ID6_Purple-Dark > chr14L[3-4]:ID3_Orange,ID3_Orange	chr10L|chr9L > chr14L	2	True
6412e72e-0d21-4c2f-94d9-298d3e860a51	33	chr6L	N	4	fwd	1	ID4,ID2,ID3,ID3	ID4_Green-Dark,ID2_Red-Light,ID3_Orange,ID3_Orange	chr14L[2-4]:ID2_Red-Light,ID3_Orange,ID3_Orange	chr14L	1	False
65de6779-a6e6-4c1c-9b7d-6250e8963e6e	33	chr4L	N	4	fwd	0	ID7,ID8,ID7,ID8	ID7_Yellow,ID8_Brown,ID7_Yellow,ID8_Brown	chr13L[3-4]:ID7_Yellow,ID8_Brown,ID7_Yellow,ID8_Brown(circ x2.0 moderate | alt chr13L[3-4] + chr13L[3-4])	chr13L	1	False
66d6e9d3-7a34-423c-9775-65da7686b9a8	33	chr8R	N	3	rev	1	ID1,ID3,ID3	ID1_Gray,ID3_Orange,ID3_Orange	chr14L[3-4]:ID3_Orange,ID3_Orange	chr14L	1	False
6ba8e444-bb0b-488d-87ed-79ea1f536a11	28	chr5R	N	3	fwd	1	ID1,ID2,ID2	ID1_Gray,ID2_Red-Light,ID2_Red-Light	chr12R|chr4R:ID2_Red-Light,ID2_Red-Light	chr12R|chr4R	1	False
6c4d7672-6855-4622-9500-fc32aa0b948e	28	chr12L	N	4	rev	0	ID3,ID2,ID2,ID2	ID3_Orange,ID2_Red-Light,ID2_Red-Light,ID2_Red-Light	chr14L[3]:ID3_Orange > chr12R|chr4R:ID2_Red-Light,ID2_Red-Light,ID2_Red-Light	chr14L > chr12R|chr4R	2	True
6d347b8d-3355-462c-9a08-9acdd8b570cb	33	chr2L	N	4	fwd	1	ID4,ID7,ID8,ID7	ID4_Green-Light,ID7_Yellow,ID8_Brown,ID7_Yellow	chr13L[3-4]:ID7_Yellow,ID8_Brown,ID7_Yellow(circ x1.5 moderate | alt chr13L[3-4] + chr13L[1])	chr13L	1	False
6d814aba-5848-4377-a8fc-526c56d2c7a4	33	chr16R	N	3	fwd	1	ID1,ID2,ID2	ID1_Gray,ID2_Red-Light,ID2_Red-Light	chr12R|chr4R:ID2_Red-Light,ID2_Red-Light	chr12R|chr4R	1	False
6d839469-10be-4b86-bdc8-30763fb19581	28	chr12R	N	8	fwd	6	ID1,ID2,ID2,ID2,ID2,ID2,ID2,ID2	ID1_Gray,ID2_Red-Light,ID2_Red-Light,ID2_Red-Light,ID2_Red-Light,ID2_Red-Light,ID2_Red-Light,ID2_Red-Light	self[2-3]:ID2_Red-Light,ID2_Red-Light	chr12R	1	False
6dbd7f47-7918-4e02-bd2c-218d9507fd8a	28	chr5R	N	5	fwd	1	ID1,ID2,ID3,ID3,ID3	ID1_Gray,ID2_Red-Light,ID3_Orange,ID3_Orange,ID3_Orange	chr14L[2-5]:ID2_Red-Light,ID3_Orange,ID3_Orange,ID3_Orange	chr14L	1	False
73f6cb36-f412-473d-873e-a63fe6493d83	28	chr13L	N	6	rev	1	ID7,ID8,ID7,ID8,ID7,ID7	ID7_Yellow,ID8_Brown,ID7_Yellow,ID8_Brown,ID7_Yellow,ID7_Yellow	self[3-4]:ID8_Brown,ID7_Yellow,ID8_Brown,ID7_Yellow(circ x2.0 moderate) > self[1]:ID7_Yellow	chr13L	1	False
75436a99-70d2-4e7c-914c-0247837303bb	33	chr15R	N	8	rev	1	ID2,ID2,ID2,ID2,ID2,ID2,ID2,ID2	ID2_Red-Dark,ID2_Red-Light,ID2_Red-Light,ID2_Red-Light,ID2_Red-Light,ID2_Red-Light,ID2_Red-Light,ID2_Red-Light	chr12R[2-6]:ID2_Red-Light,ID2_Red-Light,ID2_Red-Light,ID2_Red-Light,ID2_Red-Light,ID2_Red-Light,ID2_Red-Light(circ x1.4 strong)	chr12R	1	False
76099a69-5dc6-434a-9e1f-7dfefed1ccbc	28	chr7R	N	3	fwd	1	ID5,ID2,ID2	ID5_Blue-Dark,ID2_Red-Light,ID2_Red-Light	chr12R|chr4R:ID2_Red-Light,ID2_Red-Light	chr12R|chr4R	1	False
765dc1e3-3504-44ed-abe6-316aa2735d55	28	chr5R	N	3	rev	1	ID1,ID2,ID2	ID1_Gray,ID2_Red-Light,ID2_Red-Light	chr12R|chr4R:ID2_Red-Light,ID2_Red-Light	chr12R|chr4R	1	False
794719fa-d7b4-476d-84d4-6c6b7e478a13	28	chr5L	N	4	fwd	1	ID6,ID8,ID7,ID8	ID6_Purple-Light,ID8_Brown,ID7_Yellow,ID8_Brown	chr13L[3-4]:ID8_Brown,ID7_Yellow,ID8_Brown(circ x1.5 moderate | alt chr13L[4] + chr13L[3-4])	chr13L	1	False
7b3704a1-8d58-4878-9ad1-c68d642cc6fc	33	chr6L	N	3	rev	1	ID4,ID3,ID3	ID4_Green-Dark,ID3_Orange,ID3_Orange	chr14L[3-4]:ID3_Orange,ID3_Orange	chr14L	1	False
7e3789f8-6c26-4d79-b011-2cb4ae77ead2	28	chr16R	N	4	rev	1	ID1,ID8,ID7,ID8	ID1_Gray,ID8_Brown,ID7_Yellow,ID8_Brown	chr13L[3-4]:ID8_Brown,ID7_Yellow,ID8_Brown(circ x1.5 moderate | alt chr13L[4] + chr13L[3-4])	chr13L	1	False
7e49168a-1daf-4e6e-bfc1-44f4f3f96f0d	28	chr2R	N	4	fwd	0	ID7,ID8,ID7,ID8	ID7_Yellow,ID8_Brown,ID7_Yellow,ID8_Brown	chr13L[3-4]:ID7_Yellow,ID8_Brown,ID7_Yellow,ID8_Brown(circ x2.0 moderate | alt chr13L[3-4] + chr13L[3-4])	chr13L	1	False
7fa8e90b-a699-40a5-9357-039b5c4f7a62	28	chr12L	N	3	rev	1	ID1,ID2,ID2	ID1_Gray,ID2_Red-Light,ID2_Red-Light	chr12R|chr4R:ID2_Red-Light,ID2_Red-Light	chr12R|chr4R	1	False
820639de-2ab2-40eb-b7d0-aab6c55e1e55	33	chr7R	N	3	rev	1	ID5,ID8,ID8	ID5_Blue-Dark,ID8_Brown,ID8_Brown	chr13L[4]:ID8_Brown > chr13L[4]:ID8_Brown	chr13L	1	False
82611a4c-6be0-4396-91c9-45e55642cf93	33	chr12L	N	3	rev	1	ID1,ID2,ID2	ID1_Gray,ID2_Red-Light,ID2_Red-Light	chr4R[1-2]:ID2_Red-Light,ID2_Red-Light	chr4R	1	False
83bac257-e693-495f-93fd-7721018e5535	33	chr14L	N	8	fwd	5	ID5,ID2,ID3,ID3,ID3,ID3,ID2,ID3	ID5_Blue-Light,ID2_Red-Light,ID3_Orange,ID3_Orange,ID3_Orange,ID3_Orange,ID2_Red-Light,ID3_Orange	self[2-3]:ID3_Orange,ID2_Red-Light,ID3_Orange(circ x1.5 moderate | alt chr14L[3] + chr14L[2-3])	chr14L	1	False
8466ee53-1c81-493b-81f2-36d8faad5de7	28	chr2R	N	4	fwd	0	ID7,ID8,ID7,ID8	ID7_Yellow,ID8_Brown,ID7_Yellow,ID8_Brown	chr13L[3-4]:ID7_Yellow,ID8_Brown,ID7_Yellow,ID8_Brown(circ x2.0 moderate | alt chr13L[3-4] + chr13L[3-4])	chr13L	1	False
86960105-78c9-41c5-9fca-345f9a8a5416	33	chr13L	N	6	fwd	1	ID7,ID8,ID7,ID8,ID7,ID8	ID7_Yellow,ID8_Brown,ID7_Yellow,ID8_Brown,ID7_Yellow,ID8_Brown	self[3-4]:ID8_Brown,ID7_Yellow,ID8_Brown,ID7_Yellow,ID8_Brown(circ x2.5 strong)	chr13L	1	False
87201443-4b63-43d5-9952-59083c639a29	33	chr3R	N	3	rev	0	ID7,ID8,ID7	ID7_Yellow,ID8_Brown,ID7_Yellow	chr13L[3-4]:ID7_Yellow,ID8_Brown,ID7_Yellow(circ x1.5 moderate | alt chr13L[3-4] + chr13L[1])	chr13L	1	False
8ab2805d-1566-4f7c-96e8-ca640702b2bf	28	chr13R	N	4	rev	0	ID7,ID8,ID7,ID8	ID7_Yellow,ID8_Brown,ID7_Yellow,ID8_Brown	chr13L[3-4]:ID7_Yellow,ID8_Brown,ID7_Yellow,ID8_Brown(circ x2.0 moderate | alt chr13L[3-4] + chr13L[3-4])	chr13L	1	False
8b319ca2-216d-4984-a370-9f03fe4a73ce	33	chr12R	N	9	rev	6	ID1,ID2,ID2,ID2,ID2,ID2,ID2,ID3,ID3	ID1_Gray,ID2_Red-Light,ID2_Red-Light,ID2_Red-Light,ID2_Red-Light,ID2_Red-Light,ID2_Red-Light,ID3_Orange,ID3_Orange	chr13L?[2]:ID2_Red-Light > chr14L[3-4]:ID3_Orange,ID3_Orange	chr13L > chr14L	2	True
8b8003a6-f906-4ee9-91f8-3299aca734f4	28	chr7R	N	4	fwd	1	ID5,ID2,ID2,ID2	ID5_Blue-Dark,ID2_Red-Light,ID2_Red-Light,ID2_Red-Light	chr4R[5-7]:ID2_Red-Light,ID2_Red-Light,ID2_Red-Light	chr4R	1	False
8c1549df-dc3c-44eb-8cc3-d5a442044ce0	28	chr12L	N	4	rev	1	ID1,ID8,ID7,ID8	ID1_Gray,ID8_Brown,ID7_Yellow,ID8_Brown	chr13L[3-4]:ID8_Brown,ID7_Yellow,ID8_Brown(circ x1.5 moderate | alt chr13L[4] + chr13L[3-4])	chr13L	1	False
8f25255d-46b2-4c6b-921a-69484866f199	28	chr6L	N	3	fwd	1	ID4,ID2,ID2	ID4_Green-Dark,ID2_Red-Light,ID2_Red-Light	chr4R[1-2]:ID2_Red-Light,ID2_Red-Light	chr4R	1	False
8f316dff-ab86-41e7-bcbc-8d43bf6e01a7	33	chr12R	N	9	rev	6	ID1,ID2,ID2,ID2,ID2,ID2,ID2,ID2,ID2	ID1_Gray,ID2_Red-Light,ID2_Red-Light,ID2_Red-Light,ID2_Red-Light,ID2_Red-Light,ID2_Red-Light,ID2_Red-Light,ID2_Red-Light	self[2-4]:ID2_Red-Light,ID2_Red-Light,ID2_Red-Light	chr12R	1	False
92a0c140-0307-4747-8d92-facd03525694	33	chr14R	N	3	fwd	0	ID7,ID8,ID7	ID7_Yellow,ID8_Brown,ID7_Yellow	chr13L[3-4]:ID7_Yellow,ID8_Brown,ID7_Yellow(circ x1.5 moderate | alt chr13L[3-4] + chr13L[1])	chr13L	1	False
92d2a26e-2520-4479-b3ea-6cbe2780ec38	28	chr12R	N	12	rev	6	ID1,ID2,ID2,ID2,ID2,ID2,ID2,ID2,ID2,ID2,ID2,ID2	ID1_Gray,ID2_Red-Light,ID2_Red-Light,ID2_Red-Light,ID2_Red-Light,ID2_Red-Light,ID2_Red-Light,ID2_Red-Light,ID2_Red-Light,ID2_Red-Light,ID2_Red-Light,ID2_Red-Light	self[2]:ID2_Red-Light,ID2_Red-Light,ID2_Red-Light,ID2_Red-Light,ID2_Red-Light,ID2_Red-Light(circ x6.0 moderate | alt chr12R[2-6] + chr12R[2])	chr12R	1	False
9346524f-5b02-499e-9dab-12dc090f7ccc	28	chr16L	N	4	rev	1	ID5,ID2,ID2,ID2	ID5_Blue-Dark,ID2_Red-Light,ID2_Red-Light,ID2_Red-Light	chr12R|chr4R:ID2_Red-Light,ID2_Red-Light,ID2_Red-Light	chr12R|chr4R	1	False
94082565-7119-4bdb-8dc8-eed73eefa0df	28	chr3R	N	4	fwd	0	ID7,ID8,ID7,ID8	ID7_Yellow,ID8_Brown,ID7_Yellow,ID8_Brown	chr13L[3-4]:ID7_Yellow,ID8_Brown,ID7_Yellow,ID8_Brown(circ x2.0 moderate | alt chr13L[3-4] + chr13L[3-4])	chr13L	1	False
94a1ca34-02e5-4fc7-a728-8f1553489327	33	chr2R	N	5	rev	0	ID7,ID8,ID7,ID8,ID7	ID7_Yellow,ID8_Brown,ID7_Yellow,ID8_Brown,ID7_Yellow	chr13L[3-4]:ID7_Yellow,ID8_Brown,ID7_Yellow,ID8_Brown,ID7_Yellow(circ x2.5 strong)	chr13L	1	False
95ab7fc3-9b45-4737-b1e2-b4aced45c1e2	33	chr8R	N	5	rev	1	ID1,ID3,ID3,ID3,ID3	ID1_Gray,ID3_Orange,ID3_Orange,ID3_Orange,ID3_Orange	chr14L[3-4]:ID3_Orange,ID3_Orange,ID3_Orange,ID3_Orange(circ x2.0 moderate | alt chr14L[3-4] + chr14L[3-4])	chr14L	1	False
983c4c8c-6d18-4c54-863c-161e3d7ac485	28	chr13L	N	8	rev	1	ID7,ID8,ID7,ID8,ID8,ID7,ID8,ID7	ID7_Yellow,ID8_Brown,ID7_Yellow,ID8_Brown,ID8_Brown,ID7_Yellow,ID8_Brown,ID7_Yellow	self[3-4]:ID8_Brown,ID7_Yellow,ID8_Brown(circ x1.5 moderate | alt chr13L[4] + chr13L[3-4]) > self[3-4]:ID8_Brown,ID7_Yellow,ID8_Brown,ID7_Yellow(circ x2.0 moderate)	chr13L	1	False
9ab9c0fd-dce8-4bf5-aed9-5fb66ffa0e6f	28	chr5R	N	3	rev	1	ID1,ID2,ID2	ID1_Gray,ID2_Red-Light,ID2_Red-Light	chr12R|chr4R:ID2_Red-Light,ID2_Red-Light	chr12R|chr4R	1	False
9c881ab5-aeab-45fe-bffe-dadbc8033c3e	28	chr16R	Y	4	rev	1	ID1,ID3,ID3,ID2	ID1_Gray,ID3_Orange,ID3_Orange,ID2_Red-Dark	chr14L[3-4]:ID3_Orange,ID3_Orange > chr15R[1]:ID2_Red-Dark	chr14L > chr15R	2	True
9ca400e3-f0cd-41f1-9104-4f0760b5f823	33	chr16R	Y	3	fwd	0	ID3,ID7,ID8	ID3_Orange,ID7_Yellow,ID8_Brown	chr14L[3]:ID3_Orange > chr13L[1]:ID7_Yellow > chr13L[4]:ID8_Brown	chr14L > chr13L	2	True
9d4290a2-0330-4537-a25a-9892f4fb80a1	28	chr14R	N	3	fwd	1	ID6,ID7,ID7	ID6_Purple-Neutral,ID7_Yellow,ID7_Yellow	chr13L[1]:ID7_Yellow > chr13L[1]:ID7_Yellow	chr13L	1	False
a0845cab-5d76-4fe1-8122-f938dfb653fe	28	chr5R	N	3	rev	1	ID1,ID2,ID2	ID1_Gray,ID2_Red-Light,ID2_Red-Light	chr4R[1-2]:ID2_Red-Light,ID2_Red-Light	chr4R	1	False
a0de7a8d-f39d-4741-b804-4dd5378bf30f	28	chr3R	N	2	fwd	0	ID3,ID3	ID3_Orange,ID3_Orange	chr14L[3-4]:ID3_Orange,ID3_Orange	chr14L	1	False
a0f53269-d00d-4d94-b03b-a29aaaf81f04	28	chr7L	N	8	rev	0	ID1,ID2,ID2,ID2,ID2,ID2,ID2,ID2	ID1_Gray,ID2_Red-Light,ID2_Red-Light,ID2_Red-Light,ID2_Red-Light,ID2_Red-Light,ID2_Red-Light,ID2_Red-Light	chr12R[1-3]:ID1_Gray,ID2_Red-Light,ID2_Red-Light > chr12R[2-6]:ID2_Red-Light,ID2_Red-Light,ID2_Red-Light,ID2_Red-Light,ID2_Red-Light	chr12R	1	False
a24a76df-756e-4b96-a056-f700a8dc1d29	28	chr6L	N	3	rev	1	ID4,ID8,ID7	ID4_Green-Dark,ID8_Brown,ID7_Yellow	chr13L[4]:ID8_Brown > chr13L[1]:ID7_Yellow	chr13L	1	False
a39f9a35-3f29-4b10-861d-6a890e8443c7	28	chr15L	N	2	rev	0	ID1,ID2	ID1_Gray,ID2_Red-Light	chr12L|chr12R|chr16R|chr5R|chr8L|chr8R:ID1_Gray > chr12R|chr13L|chr14L|chr4R:ID2_Red-Light	chr12R	1	False
a3b1278b-eb6c-4602-af7e-646932a855ca	28	chr5L	N	3	rev	1	ID6,ID3,ID3	ID6_Purple-Light,ID3_Orange,ID3_Orange	chr14L[3-4]:ID3_Orange,ID3_Orange	chr14L	1	False
a4e7e80a-08d5-4a3d-8fb9-14f76a80980d	33	chr4L	N	2	fwd	0	ID2,ID2	ID2_Red-Light,ID2_Red-Light	chr4R[1-2]:ID2_Red-Light,ID2_Red-Light	chr4R	1	False
a63f6f68-40e9-4059-bebe-7128a2d002a5	28	chr5R	N	4	rev	1	ID1,ID2,ID2,ID2	ID1_Gray,ID2_Red-Light,ID2_Red-Light,ID2_Red-Light	chr12R|chr4R:ID2_Red-Light,ID2_Red-Light,ID2_Red-Light	chr12R|chr4R	1	False
a6fcec98-16b4-46f6-ab64-aa6c3c32991c	33	chr14L	N	10	fwd	5	ID5,ID2,ID3,ID3,ID3,ID3,ID3,ID3,ID3,ID3	ID5_Blue-Light,ID2_Red-Light,ID3_Orange,ID3_Orange,ID3_Orange,ID3_Orange,ID3_Orange,ID3_Orange,ID3_Orange,ID3_Orange	self[3]:ID3_Orange,ID3_Orange,ID3_Orange,ID3_Orange,ID3_Orange(circ x5.0 moderate | alt chr14L[3-5] + chr14L[3-4])	chr14L	1	False
a82595b6-cb39-4165-95c6-3de32199a161	28	chr13L	N	6	fwd	1	ID7,ID8,ID7,ID8,ID7,ID8	ID7_Yellow,ID8_Brown,ID7_Yellow,ID8_Brown,ID7_Yellow,ID8_Brown	self[3-4]:ID8_Brown,ID7_Yellow,ID8_Brown,ID7_Yellow,ID8_Brown(circ x2.5 strong)	chr13L	1	False
a858c0f2-1afe-46e5-9970-ecf009b857e2	28	chr15R	N	3	rev	0	ID2,ID2,ID2	ID2_Red-Light,ID2_Red-Light,ID2_Red-Light	chr12R|chr4R:ID2_Red-Light,ID2_Red-Light,ID2_Red-Light	chr12R|chr4R	1	False
a9155927-4f73-474f-b2aa-c50a875b3892	28	chr5R	N	3	fwd	1	ID1,ID2,ID2	ID1_Gray,ID2_Red-Light,ID2_Red-Light	chr12R|chr4R:ID2_Red-Light,ID2_Red-Light	chr12R|chr4R	1	False
ab69a95f-77f1-45dc-b31e-e03f8001f3bd	33	chr2R	N	5	rev	0	ID3,ID2,ID2,ID2,ID2	ID3_Orange,ID2_Red-Light,ID2_Red-Light,ID2_Red-Light,ID2_Red-Light	chr14L[3]:ID3_Orange > chr12R[2-5]:ID2_Red-Light,ID2_Red-Light,ID2_Red-Light,ID2_Red-Light	chr14L > chr12R	2	True
aec627ad-4468-46c7-8c90-272c7e9d386e	28	chr16R	N	5	rev	1	ID1,ID3,ID3,ID2,ID3	ID1_Gray,ID3_Orange,ID3_Orange,ID2_Red-Light,ID3_Orange	chr14L[2-4]:ID3_Orange,ID3_Orange,ID2_Red-Light,ID3_Orange(circ x1.3 moderate | alt chr14L[3-4] + chr14L[2-3])	chr14L	1	False
b0bacb7b-d147-47b1-bee9-15ddf70d436e	33	chr12L	N	3	rev	1	ID1,ID7,ID8	ID1_Gray,ID7_Yellow,ID8_Brown	chr13L[3-4]:ID7_Yellow,ID8_Brown	chr13L	1	False
b172c378-856f-4843-bdbe-a829af4b037e	33	chr7R	N	3	fwd	1	ID5,ID2,ID2	ID5_Blue-Dark,ID2_Red-Light,ID2_Red-Light	chr4R[1-2]:ID2_Red-Light,ID2_Red-Light	chr4R	1	False
b18f17bd-0866-4826-b152-a669bee31af8	28	chr12L	N	4	fwd	1	ID1,ID3,ID3,ID3	ID1_Gray,ID3_Orange,ID3_Orange,ID3_Orange	chr14L[3-4]:ID3_Orange,ID3_Orange,ID3_Orange(circ x1.5 moderate | alt chr14L[3] + chr14L[3-4])	chr14L	1	False
b2582384-0d6c-40f3-94be-b50c32a92d11	28	chr5R	N	6	fwd	1	ID1,ID2,ID2,ID2,ID2,ID2	ID1_Gray,ID2_Red-Light,ID2_Red-Light,ID2_Red-Light,ID2_Red-Light,ID2_Red-Light	chr4R[3-7]:ID2_Red-Light,ID2_Red-Light,ID2_Red-Light,ID2_Red-Light,ID2_Red-Light	chr4R	1	False
b98482db-efee-4195-adb7-9824bd1d51d1	28	chr2R	N	4	rev	0	ID7,ID8,ID7,ID8	ID7_Yellow,ID8_Brown,ID7_Yellow,ID8_Brown	chr13L[3-4]:ID7_Yellow,ID8_Brown,ID7_Yellow,ID8_Brown(circ x2.0 moderate | alt chr13L[3-4] + chr13L[3-4])	chr13L	1	False
bae0e3a7-7f64-42cc-8fdd-8c66c4cf6a48	33	chr15R	N	4	rev	1	ID2,ID2,ID2,ID2	ID2_Red-Dark,ID2_Red-Light,ID2_Red-Light,ID2_Red-Light	chr12R|chr4R:ID2_Red-Light,ID2_Red-Light,ID2_Red-Light	chr12R|chr4R	1	False
bb2e4ebb-3eae-4935-ace9-752b711dc5df	28	chr14L	Y	7	rev	5	ID5,ID2,ID3,ID3,ID3,ID3,ID2	ID5_Blue-Light,ID2_Red-Light,ID3_Orange,ID3_Orange,ID3_Orange,ID3_Orange,ID2_Red-Dark	self[3]:ID3_Orange > chr15R[1]:ID2_Red-Dark	chr14L > chr15R	2	True
bcb74884-fc9c-4949-8e6e-0c75d39858c8	33	chr8L	N	6	rev	1	ID1,ID5,ID2,ID3,ID3,ID3	ID1_Gray,ID5_Blue-Light,ID2_Red-Light,ID3_Orange,ID3_Orange,ID3_Orange	chr14L[1-5]:ID5_Blue-Light,ID2_Red-Light,ID3_Orange,ID3_Orange,ID3_Orange	chr14L	1	False
be9a1bd6-ea8d-45ce-a804-809fd9804947	33	chr5L	N	3	fwd	1	ID6,ID3,ID3	ID6_Purple-Light,ID3_Orange,ID3_Orange	chr14L[3-4]:ID3_Orange,ID3_Orange	chr14L	1	False
bef6979a-ec99-49fb-a509-26d7b79972ac	28	chr11R	N	4	rev	0	ID7,ID8,ID7,ID8	ID7_Yellow,ID8_Brown,ID7_Yellow,ID8_Brown	chr13L[3-4]:ID7_Yellow,ID8_Brown,ID7_Yellow,ID8_Brown(circ x2.0 moderate | alt chr13L[3-4] + chr13L[3-4])	chr13L	1	False
bfdecce2-a911-4ffe-9959-533b09dadb58	28	chr15L	N	2	rev	0	ID7,ID8	ID7_Yellow,ID8_Brown	chr13L[3-4]:ID7_Yellow,ID8_Brown	chr13L	1	False
c0a64a6e-ba50-4a03-bcc2-5a2b3603785e	33	chr11L	N	2	fwd	0	ID7,ID8	ID7_Yellow,ID8_Brown	chr13L[1]:ID7_Yellow > chr13L[4]:ID8_Brown	chr13L	1	False
c1f755e2-e76d-4410-8cb9-0e203296b036	28	chr8R	N	5	rev	1	ID1,ID2,ID3,ID3,ID3	ID1_Gray,ID2_Red-Light,ID3_Orange,ID3_Orange,ID3_Orange	chr14L[2-5]:ID2_Red-Light,ID3_Orange,ID3_Orange,ID3_Orange	chr14L	1	False
c2739873-49c2-45b7-bdbe-a71a4171313c	28	chr15R	N	3	rev	1	ID2,ID2,ID2	ID2_Red-Dark,ID2_Red-Light,ID2_Red-Light	chr4R[1-2]:ID2_Red-Light,ID2_Red-Light	chr4R	1	False
c3e6dbcc-4a84-4765-b775-4887c29158da	33	chr15R	N	3	fwd	1	ID2,ID2,ID2	ID2_Red-Dark,ID2_Red-Dark,ID2_Red-Light	self[1]:ID2_Red-Dark > chr12R|chr13L|chr14L|chr4R:ID2_Red-Light	chr15R > chr12R|chr13L|chr14L|chr4R	2	True
c7ab32a0-24be-4cb4-9777-98333493dfdd	28	chr10R	N	3	rev	0	ID7,ID8,ID7	ID7_Yellow,ID8_Brown,ID7_Yellow	chr13L[3-4]:ID7_Yellow,ID8_Brown,ID7_Yellow(circ x1.5 moderate | alt chr13L[3-4] + chr13L[1])	chr13L	1	False
c846b112-fe54-441f-8bdc-12389ceb4a8d	28	chr12L	N	3	fwd	1	ID1,ID7,ID8	ID1_Gray,ID7_Yellow,ID8_Brown	chr13L[3-4]:ID7_Yellow,ID8_Brown	chr13L	1	False
c8b09253-120a-4b83-83f3-b6a75676d499	28	chr7R	N	3	rev	1	ID5,ID7,ID8	ID5_Blue-Dark,ID7_Yellow,ID8_Brown	chr13L[3-4]:ID7_Yellow,ID8_Brown	chr13L	1	False
c8e97366-0499-4057-97a7-9feebef6440c	33	chr2R	N	4	rev	0	ID7,ID8,ID7,ID8	ID7_Yellow,ID8_Brown,ID7_Yellow,ID8_Brown	chr13L[3-4]:ID7_Yellow,ID8_Brown,ID7_Yellow,ID8_Brown(circ x2.0 moderate | alt chr13L[3-4] + chr13L[3-4])	chr13L	1	False
c90681fe-cbfb-46cd-9590-1b7ee18b50ea	33	chr8L	N	4	fwd	0	ID8,ID7,ID8,ID7	ID8_Brown,ID7_Yellow,ID8_Brown,ID7_Yellow	chr13L[3-4]:ID8_Brown,ID7_Yellow,ID8_Brown,ID7_Yellow(circ x2.0 moderate)	chr13L	1	False
ca0db879-93ca-4b3e-9566-638959a6ab15	28	chr14L	N	7	rev	5	ID5,ID2,ID3,ID3,ID3,ID3,ID3	ID5_Blue-Light,ID2_Red-Light,ID3_Orange,ID3_Orange,ID3_Orange,ID3_Orange,ID3_Orange	self[3-4]:ID3_Orange,ID3_Orange	chr14L	1	False
cb030eec-b9e2-4471-afdc-473496562201	28	chr8L	N	5	rev	1	ID1,ID2,ID3,ID3,ID3	ID1_Gray,ID2_Red-Light,ID3_Orange,ID3_Orange,ID3_Orange	chr14L[2-5]:ID2_Red-Light,ID3_Orange,ID3_Orange,ID3_Orange	chr14L	1	False
cbae7a2c-5f7c-49fb-b1ba-202eb4f8c7ea	28	chr2L	N	4	rev	1	ID4,ID2,ID2,ID2	ID4_Green-Light,ID2_Red-Light,ID2_Red-Light,ID2_Red-Light	chr12R|chr4R:ID2_Red-Light,ID2_Red-Light,ID2_Red-Light	chr12R|chr4R	1	False
ccc28dcc-7a00-4f45-b9ee-0b0eff2d4840	33	chr13L	N	7	fwd	1	ID7,ID7,ID8,ID7,ID8,ID8,ID7	ID7_Yellow,ID7_Yellow,ID8_Brown,ID7_Yellow,ID8_Brown,ID8_Brown,ID7_Yellow	self[3-4]:ID7_Yellow,ID8_Brown,ID7_Yellow,ID8_Brown(circ x2.0 moderate | alt chr13L[3-4] + chr13L[3-4]) > self[4]:ID8_Brown > self[1]:ID7_Yellow	chr13L	1	False
ce3cdefc-ff36-47ad-8a0b-9f1f170f4dda	28	chr16R	N	5	fwd	1	ID1,ID2,ID2,ID2,ID2	ID1_Gray,ID2_Red-Light,ID2_Red-Light,ID2_Red-Light,ID2_Red-Light	chr12R[2-5]:ID2_Red-Light,ID2_Red-Light,ID2_Red-Light,ID2_Red-Light	chr12R	1	False
cfe9ef3a-5653-4c61-830c-59f07d65b7e4	33	chr12L	N	3	rev	1	ID1,ID7,ID8	ID1_Gray,ID7_Yellow,ID8_Brown	chr13L[3-4]:ID7_Yellow,ID8_Brown	chr13L	1	False
cff0bede-cb8c-4b88-b6ad-5089415c3345	28	chr15R	N	3	rev	1	ID2,ID2,ID2	ID2_Red-Dark,ID2_Red-Light,ID2_Red-Light	chr12R|chr4R:ID2_Red-Light,ID2_Red-Light	chr12R|chr4R	1	False
d1fee906-353b-4ab2-b222-d56ae8707331	28	chr16R	N	3	fwd	1	ID1,ID2,ID3	ID1_Gray,ID2_Red-Light,ID3_Orange	chr13L?[2]:ID2_Red-Light > chr14L[3]:ID3_Orange	chr13L > chr14L	2	True
d2e610a3-829a-4e1d-b682-51b233e950ff	28	chr1L	N	5	rev	0	ID7,ID8,ID7,ID8,ID8	ID7_Yellow,ID8_Brown,ID7_Yellow,ID8_Brown,ID8_Brown	chr13L[3-4]:ID7_Yellow,ID8_Brown,ID7_Yellow,ID8_Brown(circ x2.0 moderate | alt chr13L[3-4] + chr13L[3-4]) > chr13L[4]:ID8_Brown	chr13L	1	False
d3083910-d389-431e-a515-21bf01cb6b97	33	chr9L	N	3	fwd	1	ID6,ID2,ID2	ID6_Purple-Dark,ID2_Red-Light,ID2_Red-Light	chr4R[1-2]:ID2_Red-Light,ID2_Red-Light	chr4R	1	False
d37a506e-0754-46d2-a741-28c232d3c97e	28	chr6L	N	4	rev	0	ID2,ID2,ID2,ID2	ID2_Red-Light,ID2_Red-Light,ID2_Red-Light,ID2_Red-Light	chr12R[2-5]:ID2_Red-Light,ID2_Red-Light,ID2_Red-Light,ID2_Red-Light	chr12R	1	False
d3ec9dff-5c34-4c96-9cea-e877d9e8d106	33	chr8L	N	3	rev	1	ID1,ID7,ID8	ID1_Gray,ID7_Yellow,ID8_Brown	chr13L[3-4]:ID7_Yellow,ID8_Brown	chr13L	1	False
d4ab735a-5e27-454c-9f7c-d484efcc5b7f	28	chr12R	N	9	rev	6	ID1,ID2,ID2,ID2,ID2,ID2,ID2,ID2,ID2	ID1_Gray,ID2_Red-Light,ID2_Red-Light,ID2_Red-Light,ID2_Red-Light,ID2_Red-Light,ID2_Red-Light,ID2_Red-Light,ID2_Red-Light	self[2-4]:ID2_Red-Light,ID2_Red-Light,ID2_Red-Light	chr12R	1	False
d4d6c7ae-2d34-4c43-bcab-f0a2db0aac5a	28	chr16L	N	3	rev	1	ID5,ID2,ID2	ID5_Blue-Dark,ID2_Red-Light,ID2_Red-Light	chr4R[1-2]:ID2_Red-Light,ID2_Red-Light	chr4R	1	False
d6030f13-923e-4572-8ec4-3ba17dbbabb0	28	chr10R	N	5	rev	0	ID7,ID8,ID7,ID8,ID7	ID7_Yellow,ID8_Brown,ID7_Yellow,ID8_Brown,ID7_Yellow	chr13L[3-4]:ID7_Yellow,ID8_Brown,ID7_Yellow,ID8_Brown,ID7_Yellow(circ x2.5 strong)	chr13L	1	False
d7a2c0c9-84c3-4b00-b573-0e7b3089ea9c	33	chr2R	N	4	fwd	0	ID7,ID8,ID7,ID8	ID7_Yellow,ID8_Brown,ID7_Yellow,ID8_Brown	chr13L[3-4]:ID7_Yellow,ID8_Brown,ID7_Yellow,ID8_Brown(circ x2.0 moderate | alt chr13L[3-4] + chr13L[3-4])	chr13L	1	False
d90ce87d-1638-46df-b1c7-9ba664ca05ad	33	chr1R	Y	3	fwd	0	ID5,ID7,ID3	ID5_Blue-Dark,ID7_Yellow,ID3_Orange	chr16L|chr7R:ID5_Blue-Dark > chr13L[1]:ID7_Yellow > chr14L[3]:ID3_Orange	chr16L|chr7R > chr13L > chr14L	3	True
da0f3c7b-80e8-486b-9f3f-fc30aaa4d91a	28	chr10R	N	3	rev	0	ID7,ID8,ID7	ID7_Yellow,ID8_Brown,ID7_Yellow	chr13L[3-4]:ID7_Yellow,ID8_Brown,ID7_Yellow(circ x1.5 moderate | alt chr13L[3-4] + chr13L[1])	chr13L	1	False
db16d22f-ccd3-4606-8d59-93703ce35cc0	28	chr12L	N	3	fwd	1	ID1,ID7,ID8	ID1_Gray,ID7_Yellow,ID8_Brown	chr13L[3-4]:ID7_Yellow,ID8_Brown	chr13L	1	False
ddc393f4-1635-454a-a245-cdfb56c01bae	33	chr15L	N	5	fwd	0	ID5,ID2,ID3,ID3,ID3	ID5_Blue-Light,ID2_Red-Light,ID3_Orange,ID3_Orange,ID3_Orange	chr14L[1-5]:ID5_Blue-Light,ID2_Red-Light,ID3_Orange,ID3_Orange,ID3_Orange	chr14L	1	False
de6a7be9-a028-4bdc-8219-a7901ac93bdc	28	chr5R	N	4	rev	1	ID1,ID3,ID3,ID3	ID1_Gray,ID3_Orange,ID3_Orange,ID3_Orange	chr14L[3-5]:ID3_Orange,ID3_Orange,ID3_Orange	chr14L	1	False
df1e7249-2866-40bb-b696-61c18108b66d	33	chr7R	N	3	fwd	1	ID5,ID8,ID7	ID5_Blue-Dark,ID8_Brown,ID7_Yellow	chr13L[4]:ID8_Brown > chr13L[1]:ID7_Yellow	chr13L	1	False
e140f647-ce2b-4697-ac36-315c9b9cde67	33	chr3R	Y	4	fwd	0	ID5,ID8,ID7,ID8	ID5_Blue-Dark,ID8_Brown,ID7_Yellow,ID8_Brown	chr16L|chr7R:ID5_Blue-Dark > chr13L[3-4]:ID8_Brown,ID7_Yellow,ID8_Brown(circ x1.5 moderate | alt chr13L[4] + chr13L[3-4])	chr16L|chr7R > chr13L	2	True
e67f4986-8e8a-4da8-bbfc-0141b7004b7f	28	chr13L	N	7	fwd	1	ID7,ID8,ID7,ID8,ID7,ID8,ID7	ID7_Yellow,ID8_Brown,ID7_Yellow,ID8_Brown,ID7_Yellow,ID8_Brown,ID7_Yellow	self[3-4]:ID8_Brown,ID7_Yellow,ID8_Brown(circ x1.5 moderate | alt chr13L[4] + chr13L[3-4]) > self[3-4]:ID7_Yellow,ID8_Brown,ID7_Yellow(circ x1.5 moderate | alt chr13L[3-4] + chr13L[1])	chr13L	1	False
e9c75ac2-059b-48c0-b998-3e85b103c147	28	chr15R	N	5	fwd	1	ID2,ID2,ID2,ID2,ID2	ID2_Red-Dark,ID2_Red-Light,ID2_Red-Light,ID2_Red-Light,ID2_Red-Light	chr12R[2-5]:ID2_Red-Light,ID2_Red-Light,ID2_Red-Light,ID2_Red-Light	chr12R	1	False
eb140958-28c1-4bbb-b2f9-005c08515832	28	chr15R	N	3	rev	1	ID2,ID2,ID2	ID2_Red-Dark,ID2_Red-Light,ID2_Red-Light	chr4R[1-2]:ID2_Red-Light,ID2_Red-Light	chr4R	1	False
ed1ad3d8-fa2a-45c7-8be3-91896c3bce77	33	chr8L	N	3	rev	0	ID7,ID8,ID8	ID7_Yellow,ID8_Brown,ID8_Brown	chr13L[1]:ID7_Yellow > chr13L[4]:ID8_Brown > chr13L[4]:ID8_Brown	chr13L	1	False
efb1d44c-6204-4e61-b1c7-bb257411bda6	33	chr4R	N	9	rev	7	ID2,ID2,ID2,ID2,ID2,ID2,ID2,ID2,ID2	ID2_Red-Light,ID2_Red-Light,ID2_Red-Light,ID2_Red-Light,ID2_Red-Light,ID2_Red-Light,ID2_Red-Light,ID2_Red-Light,ID2_Red-Light	self[4-5]:ID2_Red-Light,ID2_Red-Light	chr4R	1	False
f3ec9b2f-6220-4f71-a848-9f62e5c91389	28	chr6L	N	3	rev	1	ID4,ID7,ID8	ID4_Green-Dark,ID7_Yellow,ID8_Brown	chr13L[3-4]:ID7_Yellow,ID8_Brown	chr13L	1	False
f43e22b7-0ab1-45a7-9643-5bb56e56e677	28	chr12L	N	3	rev	1	ID1,ID7,ID8	ID1_Gray,ID7_Yellow,ID8_Brown	chr13L[3-4]:ID7_Yellow,ID8_Brown	chr13L	1	False
f4907755-64c1-44fa-a46e-1ec5fa0ed2bf	33	chr13L	N	8	rev	1	ID7,ID8,ID7,ID8,ID7,ID7,ID8,ID7	ID7_Yellow,ID8_Brown,ID7_Yellow,ID8_Brown,ID7_Yellow,ID7_Yellow,ID8_Brown,ID7_Yellow	self[3-4]:ID8_Brown,ID7_Yellow,ID8_Brown,ID7_Yellow(circ x2.0 moderate) > self[3-4]:ID7_Yellow,ID8_Brown,ID7_Yellow(circ x1.5 moderate | alt chr13L[3-4] + chr13L[1])	chr13L	1	False
f71fea52-ae6c-4894-a461-22be38881ca9	28	chr11R	N	4	rev	0	ID7,ID8,ID7,ID8	ID7_Yellow,ID8_Brown,ID7_Yellow,ID8_Brown	chr13L[3-4]:ID7_Yellow,ID8_Brown,ID7_Yellow,ID8_Brown(circ x2.0 moderate | alt chr13L[3-4] + chr13L[3-4])	chr13L	1	False
f91943bc-c5f3-4e31-98ab-05a6842a1565	33	chr5R	N	4	rev	1	ID1,ID3,ID3,ID3	ID1_Gray,ID3_Orange,ID3_Orange,ID3_Orange	chr14L[3-5]:ID3_Orange,ID3_Orange,ID3_Orange	chr14L	1	False
fb19124b-d0a5-4522-880a-0ec297cdf2fd	28	chr13R	N	6	rev	0	ID5,ID2,ID3,ID3,ID3,ID3	ID5_Blue-light,ID2_Red-Light,ID3_Orange,ID3_Orange,ID3_Orange,ID3_Orange	?:ID5_Blue-light > chr14L[2-5]:ID2_Red-Light,ID3_Orange,ID3_Orange,ID3_Orange > chr14L[3]:ID3_Orange	? > chr14L	2	True
fcdcd0c0-42a6-458c-ae4e-ed843ddea1b2	28	chr11R	N	4	fwd	0	ID7,ID8,ID7,ID8	ID7_Yellow,ID8_Brown,ID7_Yellow,ID8_Brown	chr13L[3-4]:ID7_Yellow,ID8_Brown,ID7_Yellow(circ x1.5 moderate | alt chr13L[3-4] + chr13L[1]) > chr13L[4]:ID8_Brown	chr13L	1	False
fd52549c-8cdd-4b91-b3df-e2ad74363237	33	chr12L	N	7	fwd	0	ID3,ID2,ID2,ID2,ID2,ID2,ID2	ID3_Orange,ID2_Red-Light,ID2_Red-Light,ID2_Red-Light,ID2_Red-Light,ID2_Red-Light,ID2_Red-Light	chr14L[3]:ID3_Orange > chr12R|chr13L|chr14L|chr4R:ID2_Red-Light,ID2_Red-Light,ID2_Red-Light,ID2_Red-Light,ID2_Red-Light,ID2_Red-Light(circ x6.0)	chr14L	1	False
fe48a918-fbde-435a-b36a-e49a7a72de95	28	chr3R	N	4	rev	0	ID7,ID8,ID7,ID8	ID7_Yellow,ID8_Brown,ID7_Yellow,ID8_Brown	chr13L[3-4]:ID7_Yellow,ID8_Brown,ID7_Yellow,ID8_Brown(circ x2.0 moderate | alt chr13L[3-4] + chr13L[3-4])	chr13L	1	False
feffd4e4-b2bb-460d-a1ec-b7da25bd29d0	28	chr13L	N	7	fwd	1	ID7,ID8,ID7,ID8,ID7,ID8,ID7	ID7_Yellow,ID8_Brown,ID7_Yellow,ID8_Brown,ID7_Yellow,ID8_Brown,ID7_Yellow	self[3-4]:ID8_Brown,ID7_Yellow,ID8_Brown,ID7_Yellow,ID8_Brown,ID7_Yellow(circ x3.0 strong)	chr13L	1	False
