chr10L1	chr12L1	chr12R1	chr12R2	chr12R3	chr12R4	chr12R5	chr12R6	chr12R7	chr13L1	chr14L1	chr14L2	chr14L3	chr14L4	chr14L5	chr14R1	chr15R1	chr16L1	chr16R1	chr2L1	chr5L1	chr5R1	chr6L1	chr7R1	chr8L1	chr8R1	chr9L1
100.0000	28.6028	41.0790	70.7313	70.7313	70.7313	70.7313	70.7313	70.7313	28.7054	70.7535	70.7313	28.6616	28.6616	28.6616	69.6707	70.7313	70.7390	30.2888	31.7921	43.3480	70.4868	31.7921	70.7535	28.5087	28.6091	99.7650
28.6028	100.0000	55.7372	54.5384	54.5384	54.5384	54.5384	54.5384	54.3265	93.8674	54.6072	54.5384	93.8733	93.8733	93.8733	28.9673	54.6036	54.5758	66.6474	57.0128	30.0543	54.2552	58.0674	54.5675	95.0954	91.9302	28.5986
41.0790	55.7372	100.0000	67.6011	67.6011	67.6011	67.6011	67.6011	67.4738	55.9078	67.3581	67.5860	56.0633	56.0633	56.0633	41.9890	67.4391	67.3880	31.3433	30.8517	70.4117	67.0229	30.8517	67.4085	55.0347	55.6575	41.0730
70.7313	54.5384	67.6011	100.0000	100.0000	100.0000	100.0000	100.0000	99.4696	54.7202	99.0920	99.9848	54.9475	54.9475	54.9475	72.1738	99.8329	99.1230	30.5048	30.0258	42.2183	96.9232	30.0258	99.1380	53.7809	54.4766	70.6094
70.7313	54.5384	67.6011	100.0000	100.0000	100.0000	100.0000	100.0000	99.4696	54.7202	99.0920	99.9848	54.9475	54.9475	54.9475	72.1738	99.8329	99.1230	30.5048	30.0258	42.2183	96.9232	30.0258	99.1380	53.7809	54.4766	70.6094
70.7313	54.5384	67.6011	100.0000	100.0000	100.0000	100.0000	100.0000	99.4696	54.7202	99.0920	99.9848	54.9475	54.9475	54.9475	72.1738	99.8329	99.1230	30.5048	30.0258	42.2183	96.9232	30.0258	99.1380	53.7809	54.4766	70.6094
70.7313	54.5384	67.6011	100.0000	100.0000	100.0000	100.0000	100.0000	99.4696	54.7202	99.0920	99.9848	54.9475	54.9475	54.9475	72.1738	99.8329	99.1230	30.5048	30.0258	42.2183	96.9232	30.0258	99.1380	53.7809	54.4766	70.6094
70.7313	54.5384	67.6011	100.0000	100.0000	100.0000	100.0000	100.0000	99.4696	54.7202	99.0920	99.9848	54.9475	54.9475	54.9475	72.1738	99.8329	99.1230	30.5048	30.0258	42.2183	96.9232	30.0258	99.1380	53.7809	54.4766	70.6094
70.7313	54.3265	67.4738	99.4696	99.4696	99.4696	99.4696	99.4696	100.0000	54.6008	98.5783	99.4696	54.7230	54.7230	54.7230	72.5576	99.3034	98.6082	30.6674	30.1859	42.4427	96.3999	30.1859	98.6082	53.6263	54.3560	70.6094
28.7054	93.8674	55.9078	54.7202	54.7202	54.7202	54.7202	54.7202	54.6008	100.0000	54.6889	54.7202	99.5030	99.5030	99.5030	28.9782	54.6847	54.6569	64.5586	62.9367	30.1628	54.3360	62.9747	54.6486	90.3375	98.6399	28.6718
70.7535	54.6072	67.3581	99.0920	99.0920	99.0920	99.0920	99.0920	98.5783	54.6889	100.0000	99.1080	54.7009	54.7009	54.7009	72.3801	99.2430	99.9390	30.5547	30.0455	42.2396	97.4298	30.0455	99.9399	53.6727	54.4149	70.6907
70.7313	54.5384	67.5860	99.9848	99.9848	99.9848	99.9848	99.9848	99.4696	54.7202	99.1080	100.0000	54.9475	54.9475	54.9475	72.1738	99.8329	99.1380	30.5048	30.0258	42.2183	96.9232	30.0258	99.1380	53.7809	54.4766	70.6094
28.6616	93.8733	56.0633	54.9475	54.9475	54.9475	54.9475	54.9475	54.7230	99.5030	54.7009	54.9475	100.0000	100.0000	100.0000	28.9011	54.7880	54.7465	64.4627	63.0208	30.1010	54.4252	63.0252	54.7382	90.3797	98.4766	28.6280
28.6616	93.8733	56.0633	54.9475	54.9475	54.9475	54.9475	54.9475	54.7230	99.5030	54.7009	54.9475	100.0000	100.0000	100.0000	28.9011	54.7880	54.7465	64.4627	63.0208	30.1010	54.4252	63.0252	54.7382	90.3797	98.4766	28.6280
28.6616	93.8733	56.0633	54.9475	54.9475	54.9475	54.9475	54.9475	54.7230	99.5030	54.7009	54.9475	100.0000	100.0000	100.0000	28.9011	54.7880	54.7465	64.4627	63.0208	30.1010	54.4252	63.0252	54.7382	90.3797	98.4766	28.6280
69.6707	28.9673	41.9890	72.1738	72.1738	72.1738	72.1738	72.1738	72.5576	28.9782	72.3801	72.1738	28.9011	28.9011	28.9011	100.0000	72.2393	72.3432	28.9590	28.9700	41.8753	71.1354	28.9700	72.3472	28.8667	29.0162	69.8707
70.7313	54.6036	67.4391	99.8329	99.8329	99.8329	99.8329	99.8329	99.3034	54.6847	99.2430	99.8329	54.7880	54.7880	54.7880	72.2393	100.0000	99.1830	30.5325	30.0532	42.2566	96.9951	30.0532	99.2130	53.6984	54.4407	70.6094
70.7390	54.5758	67.3880	99.1230	99.1230	99.1230	99.1230	99.1230	98.6082	54.6569	99.9390	99.1380	54.7465	54.7465	54.7465	72.3432	99.1830	100.0000	30.5454	30.0364	42.2119	97.4594	30.0364	99.9699	53.6414	54.3829	70.6761
30.2888	66.6474	31.3433	30.5048	30.5048	30.5048	30.5048	30.5048	30.6674	64.5586	30.5547	30.5048	64.4627	64.4627	64.4627	28.9590	30.5325	30.5454	100.0000	58.7340	31.7920	30.3660	60.2187	30.5408	62.9930	62.5855	30.2551
31.7921	57.0128	30.8517	30.0258	30.0258	30.0258	30.0258	30.0258	30.1859	62.9367	30.0455	30.0258	63.0208	63.0208	63.0208	28.9700	30.0532	30.0364	58.7340	100.0000	32.3096	29.8600	99.0056	30.0318	56.3007	63.9772	31.7582
43.3480	30.0543	70.4117	42.2183	42.2183	42.2183	42.2183	42.2183	42.4427	30.1628	42.2396	42.2183	30.1010	30.1010	30.1010	41.8753	42.2566	42.2119	31.7920	32.3096	100.0000	41.9795	32.3096	42.2205	30.4165	29.9520	43.3709
70.4868	54.2552	67.0229	96.9232	96.9232	96.9232	96.9232	96.9232	96.3999	54.3360	97.4298	96.9232	54.4252	54.4252	54.4252	71.1354	96.9951	97.4594	30.3660	29.8600	41.9795	100.0000	29.8600	97.4899	53.3272	54.0636	70.4232
31.7921	58.0674	30.8517	30.0258	30.0258	30.0258	30.0258	30.0258	30.1859	62.9747	30.0455	30.0258	63.0252	63.0252	63.0252	28.9700	30.0532	30.0364	60.2187	99.0056	32.3096	29.8600	100.0000	30.0318	55.6980	63.0985	31.7582
70.7535	54.5675	67.4085	99.1380	99.1380	99.1380	99.1380	99.1380	98.6082	54.6486	99.9399	99.1380	54.7382	54.7382	54.7382	72.3472	99.2130	99.9699	30.5408	30.0318	42.2205	97.4899	30.0318	100.0000	53.6333	54.3746	70.6907
28.5087	95.0954	55.0347	53.7809	53.7809	53.7809	53.7809	53.7809	53.6263	90.3375	53.6727	53.7809	90.3797	90.3797	90.3797	28.8667	53.6984	53.6414	62.9930	56.3007	30.4165	53.3272	55.6980	53.6333	100.0000	90.6961	28.4755
28.6091	91.9302	55.6575	54.4766	54.4766	54.4766	54.4766	54.4766	54.3560	98.6399	54.4149	54.4766	98.4766	98.4766	98.4766	29.0162	54.4407	54.3829	62.5855	63.9772	29.9520	54.0636	63.0985	54.3746	90.6961	100.0000	28.5755
99.7650	28.5986	41.0730	70.6094	70.6094	70.6094	70.6094	70.6094	70.6094	28.6718	70.6907	70.6094	28.6280	28.6280	28.6280	69.8707	70.6094	70.6761	30.2551	31.7582	43.3709	70.4232	31.7582	70.6907	28.4755	28.5755	100.0000
