read_id	chr_end	read_length	telo_side	anchor_start	anchor_end	spacer_start	spacer_end	spacer_size	spacer_source	spacer_switch_pos	spacer_best_identity	spacer_second_best_identity	spacer_confidence	spacer_recombination	spacer_quick_check_skipped	x_element_start	x_element_end	x_element_size	x_element_source	x_element_switch_pos	x_element_best_identity	x_element_second_best_identity	x_element_confidence	x_element_recombination	x_element_cluster_id	y_prime_count_on_read	y_prime_observed_array	y_prime_positions	y_prime_start	y_prime_end	y_prime_size	y_prime_recombination_status	y_prime_divergence_idx	y_prime_expected_at_divergence	y_prime_found_at_divergence	y_prime_downstream_consistent	y_prime_compatible_ends	recombination_source	recombination_detected	overall_confidence	cross_feature_consistent	cross_feature_detail	is_complex_event	confidence_factors	qc_flags	y_prime_gained_segment	y_prime_fingerprint_window	y_prime_fingerprint_len	y_prime_fingerprint_kind	y_prime_array_matches	y_prime_self_match	y_prime_fingerprint_source	y_prime_fingerprint_specificity	y_prime_path	y_prime_path_n_segments	y_prime_path_primary_donor	y_prime_path_primary_len	y_prime_path_circles	y_prime_path_its_verified	y_prime_path_its_checked	source_votes	source_tie	source_resolution	recombination_mechanism	y_prime_donor	telomere_end_confirmed	telomere_repeat_length	y_prime_probe_count	y_prime_tail_bp
SRR33298449.327615	chr10R	51270	end	0	5024	5024	20041	15017	chr10R	-1	99.49	99.52	0.95	no_change	False	20041	20799	758	chr10R	-1	100.0	96.18	0.691	no_change	ID4	5	ID2,ID1,ID2,ID1,ID2	ID2:20841-26318;ID1:26481-33126;ID2:33278-38756;ID1:38919-45555;ID2:45707-51180	20841	51180	30339	Y' Gain	0		ID2	True	chr12L,chr13L,chr8L,chr8R	chr13L	True	0.66	True	y_prime=chr13L; y_prime_compatible=chr12L,chr13L,chr8L,chr8R; y_prime_array_matches=chr13L:periodic,chr14L:periodic; y_prime_status=Y' Gain; y_prime_path=chr13L[1-2]:ID2,ID1,ID2,ID1,ID2(circ x2.5 strong)	False	base=0.60, complexity=1.10		ID2,ID1,ID2,ID1,ID2	ID2,ID1,ID2,ID1,ID2	5	periodic	chr13L:periodic;chr14L:periodic	False	chr13L	1.0	chr13L[1-2]:ID2,ID1,ID2,ID1,ID2(circ x2.5 strong)	1	chr13L	5	chr13L[1-2]:ID2,ID1x2.5:strong	4	4	chr13L=1.00	False	arm	donor_transfer	chr13L	True	81.0	5.0	90
SRR33298449.100701	chr12R	72106	beginning	67063	72106	61947	67063	5116	chr12R	-1	99.34	0.0	0.95	no_change	False	61202	61947	745	chr12R	-1	100.0	91.06	0.9472	no_change	ID8	9	ID5,ID1,ID1,ID1,ID1,ID1,ID1,ID1,ID1	ID5:54589-61074;ID1:47785-54428;ID1:40963-47615;ID1:34133-40789;ID1:27317-33963;ID1:20491-27145;ID1:13698-20321;ID1:6914-13552;ID1:113-6761	113	61074	60961	Y' Gain	6		ID1	True	chr12R	chr12R	True	0.33	True	supplementary=chr4; y_prime_compatible=chr12R; y_prime_array_matches=chr12R:contiguous,chr14L:periodic,chr4R:contiguous; y_prime_status=Y' Gain; y_prime_path=chr13L?[2]:ID1,ID1,ID1(circ x3.0 moderate)	False	base=0.30, complexity=1.10		ID1,ID1,ID1	ID1,ID1,ID1	3	contiguous	chr12R:contiguous;chr14L:periodic;chr4R:contiguous	True		0.5	chr13L?[2]:ID1,ID1,ID1(circ x3.0 moderate)	1		3		2	2	chr4=0.25	False	self	tandem_amplification_same_end		True	76.0	9.0	113
SRR33298449.399579	chr13L	58919	beginning	53880	58919	49417	53880	4463	chr13L	-1	99.15	0.0	0.95	no_change	False	48665	49417	752	chr13L	-1	99.47	89.56	0.9902	no_change	ID1	8	ID2,ID1,ID2,ID1,ID2,ID2,ID1,ID2	ID2:43128-48611;ID1:36323-42965;ID2:30697-36171;ID1:23881-30534;ID2:18249-23732;ID2:12601-18086;ID1:5784-12438;ID2:144-5636	144	48611	48467	Y' Gain	4		ID2	True	chr12L,chr13L,chr8L,chr8R	chr14L	True	0.66	True	supplementary=chr2; y_prime=chr14L; y_prime_compatible=chr12L,chr13L,chr8L,chr8R; y_prime_array_matches=chr14L:rotation; y_prime_status=Y' Gain; y_prime_path=self[1-3]:ID2,ID2,ID1,ID2(circ x1.3 moderate | alt chr13L[1] + chr13L[1-3])	False	base=0.60, complexity=1.10		ID2,ID2,ID1,ID2	ID2,ID2,ID1,ID2	4	contiguous	chr14L:rotation	False	chr14L	1.0	self[1-3]:ID2,ID2,ID1,ID2(circ x1.3 moderate | alt chr13L[1] + chr13L[1-3])	1	self	4	self[1-3]:ID2,ID2,ID1x1.3:moderate	3	3	chr14L=1.00;chr2=0.25	False	arm	donor_transfer	chr14L	True	115.0	8.0	144
SRR33298449.444426	chr2R	46200	beginning	41193	46200	31205	41193	9988	chr2R	-1	98.68	98.9	0.95	no_change	False	30451	31205	754	chr2R	-1	99.87	89.95	0.9946	no_change	ID1	5	ID2,ID1,ID2,ID1,ID2	ID2:24930-30397;ID1:18136-24771;ID2:12551-17988;ID1:5739-12386;ID2:115-5588	115	30397	30282	Y' Gain	0		ID2	True	chr12L,chr13L,chr8L,chr8R	chr13L	True	0.66	True	y_prime=chr13L; y_prime_compatible=chr12L,chr13L,chr8L,chr8R; y_prime_array_matches=chr13L:periodic,chr14L:periodic; y_prime_status=Y' Gain; y_prime_path=chr13L[1-2]:ID2,ID1,ID2,ID1,ID2(circ x2.5 strong)	False	base=0.60, complexity=1.10		ID2,ID1,ID2,ID1,ID2	ID2,ID1,ID2,ID1,ID2	5	periodic	chr13L:periodic;chr14L:periodic	False	chr13L	1.0	chr13L[1-2]:ID2,ID1,ID2,ID1,ID2(circ x2.5 strong)	1	chr13L	5	chr13L[1-2]:ID2,ID1x2.5:strong	4	4	chr13L=1.00	False	arm	donor_transfer	chr13L	True	74.0	5.0	115
SRR33298449.567566	chr3R	41724	end	0	5030	5030	15006	9976	chr3R	-1	99.36	99.32	0.95	no_change	False	15006	15714	708	chr7R	-1	99.72	89.03	1.0	full_switch	ID26	4	ID1,ID1,ID2,ID1	ID1:15637-22369;ID1:22534-29180;ID2:29332-34810;ID1:34973-41616	15637	41616	25979	Y' Gain	0		ID1	True	chr14L,chr15R,chr16L,chr4R,chr5R,chr7R	chr7R	True	0.7	False	x_element=chr7R; y_prime=chr14L; y_prime_compatible=chr14L,chr15R,chr16L,chr4R,chr5R; y_prime_array_matches=chr13L:rotation,chr14L:contiguous; y_prime_status=Y' Gain; y_prime_path=chr13L[2-4]:ID1,ID1,ID2,ID1(circ x1.3 moderate | alt chr13L[2] + chr13L[2-4])	True	base=1.00, complexity=0.70		ID1,ID1,ID2,ID1	ID1,ID1,ID2	3	contiguous	chr13L:rotation;chr14L:contiguous	False	chr14L	1.0	chr13L[2-4]:ID1,ID1,ID2,ID1(circ x1.3 moderate | alt chr13L[2] + chr13L[2-4])	1	chr13L	4	chr13L[2-4]:ID1,ID1,ID2x1.3:moderate	3	3	chr7R=0.50	False	arm	subtelomere_switch	chr14L	True	101.0	4.0	108
SRR33298449.23058	chr4L	56384	end	0	5042	5042	25130	20088	chr4L	-1	99.43	99.42	0.95	no_change	False	25130	25840	710	chr4L	-1	99.58	95.75	0.6885	no_change	ID19	5	ID2,ID1,ID2,ID1,ID2	ID2:25914-31397;ID1:31560-38211;ID2:38363-43835;ID1:43996-50643;ID2:50803-56267	25914	56267	30353	Y' Gain	0		ID2	True	chr12L,chr13L,chr8L,chr8R	chr13L	True	0.66	True	y_prime=chr13L; y_prime_compatible=chr12L,chr13L,chr8L,chr8R; y_prime_array_matches=chr13L:periodic,chr14L:periodic; y_prime_status=Y' Gain; y_prime_path=chr13L[1-2]:ID2,ID1,ID2,ID1,ID2(circ x2.5 strong)	False	base=0.60, complexity=1.10		ID2,ID1,ID2,ID1,ID2	ID2,ID1,ID2,ID1,ID2	5	periodic	chr13L:periodic;chr14L:periodic	False	chr13L	1.0	chr13L[1-2]:ID2,ID1,ID2,ID1,ID2(circ x2.5 strong)	1	chr13L	5	chr13L[1-2]:ID2,ID1x2.5:strong	4	4	chr13L=1.00	False	arm	donor_transfer	chr13L	True	108.0	5.0	117
SRR33298449.131857	chr5R	45590	beginning	40549	45590	39066	40549	1483	chr5R	-1	99.07	99.46	0.95	no_change	False	38444	39066	622	chr5R	-1	100.0	92.88	0.8562	no_change	ID22	6	ID1,ID1,ID2,ID1,ID2,ID1	ID1:31750-38428;ID1:24952-31602;ID2:19335-24800;ID1:12529-19173;ID2:6899-12376;ID1:87-6737	87	38428	38341	Y' Gain	1		ID1	True	chr14L,chr15R,chr16L,chr4R,chr5R,chr7R	chr13L	True	0.66	True	y_prime=chr13L; y_prime_compatible=chr14L,chr15R,chr16L,chr4R,chr5R; y_prime_array_matches=chr13L:periodic,chr14L:periodic; y_prime_status=Y' Gain; y_prime_path=chr13L[1-2]:ID1,ID2,ID1,ID2,ID1(circ x2.5 strong)	False	base=0.60, complexity=1.10		ID1,ID2,ID1,ID2,ID1	ID1,ID2,ID1,ID2,ID1	5	periodic	chr13L:periodic;chr14L:periodic	False	chr13L	1.0	chr13L[1-2]:ID1,ID2,ID1,ID2,ID1(circ x2.5 strong)	1	chr13L	5	chr13L[1-2]:ID1,ID2x2.5:strong	4	4	chr13L=1.00	False	arm	donor_transfer	chr13L	True	43.0	6.0	87
SRR33298449.347234	chr7R	38824	end	0	5045	5045	13336	8291	chr7R	-1	98.87	100.0	0.95	no_change	False	13336	14044	708	chr7R	-1	100.0	89.31	1.0	no_change	ID26	4	ID1,ID2,ID1,ID2	ID1:13967-20698;ID2:20850-26337;ID1:26500-33138;ID2:33279-38758	13967	38758	24791	Y' Gain	1		ID2	True	chr14L,chr15R,chr16L,chr4R,chr5R,chr7R	chr13L	True	0.66	True	y_prime=chr13L; y_prime_compatible=chr14L,chr15R,chr16L,chr4R,chr5R; y_prime_array_matches=chr13L:contiguous,chr14L:rotation; y_prime_status=Y' Gain; y_prime_path=chr13L[1-2]:ID2,ID1,ID2(circ x1.5 moderate | alt chr13L[1-2] + chr13L[1])	False	base=0.60, complexity=1.10		ID2,ID1,ID2	ID2,ID1,ID2	3	contiguous	chr13L:contiguous;chr14L:rotation	False	chr13L	1.0	chr13L[1-2]:ID2,ID1,ID2(circ x1.5 moderate | alt chr13L[1-2] + chr13L[1])	1	chr13L	3	chr13L[1-2]:ID2,ID1x1.5:moderate	1	2	chr13L=1.00	False	arm	donor_transfer	chr13L	True	58.0	4.0	66
SRR33298449.17944	chr8L	30145	end	0	5029	5029	5234	205	chr8L	-1	99.04	99.66	0.95	no_change	False	5234	5683	449	chr8L	-1	98.9	91.26	0.8721	no_change	ID27	4	ID1,ID2,ID1,ID2	ID1:5782-11970;ID2:12125-17598;ID1:17762-24398;ID2:24553-30040	5782	30040	24258	1st Y' Change	0	ID2	ID1	False	chr14L,chr15R,chr16L,chr4R,chr5R,chr7R	chr13L	True	0.66	True	y_prime=chr13L; y_prime_compatible=chr14L,chr15R,chr16L,chr4R,chr5R; y_prime_array_matches=chr13L:rotation,chr14L:periodic; y_prime_status=1st Y' Change; y_prime_path=chr13L[1-2]:ID1,ID2,ID1,ID2(circ x2.0 moderate | alt chr13L[2-4] + chr13L[1])	False	base=0.60, complexity=1.10		ID1,ID2,ID1,ID2	ID1,ID2,ID1,ID2	4	contiguous	chr13L:rotation;chr14L:periodic	False	chr13L	1.0	chr13L[1-2]:ID1,ID2,ID1,ID2(circ x2.0 moderate | alt chr13L[2-4] + chr13L[1])	1	chr13L	4	chr13L[1-2]:ID1,ID2x2.0:moderate	3	3	chr13L=1.00	False	arm	donor_transfer	chr13L	True	96.0	4.0	105
